iter,source_file,w0,w1,w2,w3,w4,w5,w6,w7,w8,w9,w10,w11,w12,w13,w14,w15,w16,w17,w18,w19,w20,w21,w22,w23,w24,w25,w26,w27,w28,w29,w30,w31,w32,w33,w34,w35,w36,w37,w38,w39,w40,w41,w42,w43,w44,w45,w46,w47,w48,w49,w50,w51,w52,w53,w54,w55,w56,w57,w58,w59,w60,w61,w62,w63,w64,w65,w66,w67,w68,w69,w70,w71,w72,w73,w74,w75,w76,w77,w78,w79,w80,w81,w82,w83,w84,w85,w86,w87,w88,w89,w90,w91,w92,w93,w94,w95,w96,w97,w98,w99
1,iter_001_1458fe49_prompt.txt,1.0,2.0,50.0,100.0,41.0,36.0,36.0,21.0,33.0,31.0,2.0,1.0,198.0,100.0,65.370776,52.45726,40.6369,29.605392,18.033523,5.931341,-6.326353,-17.461541,-26.223187,-34.197609,-43.399004,-54.797347,-68.689981,-82.694078,-94.078938,-103.69877,-112.681819,-119.626482,-123.539309,-125.587927,-126.502001,-125.569174,-121.310892,-113.123039,-102.857885,-92.476709,-81.730354,-69.824577,-57.163148,-43.903959,-30.130638,-16.832759,-5.461248,3.898699,13.039037,24.292207,38.638945,54.356717,69.000578,81.899959,95.212694,109.469252,120.0602,125.02996,125.826018,121.888043,112.735371,100.636731,88.93199,77.724505,19.196539,20.155751,20.191332,19.36449,17.515903,13.783372,4.013372,-16.789299,-35.348693,-32.588751,-23.101339,-21.806064,-24.332201,-25.823497,-25.295929,-22.72066,-17.556588,-10.202657,-2.521874,4.979672,12.367861,18.321992,22.457555,25.042474,26.014404,25.853485,24.864491,23.192582,21.340527,19.428395,17.001096,13.072102,7.107368,-0.352414,-8.055547,-14.14084
1,iter_001_1458fe49_response.txt,41.0,36.0,36.0,21.0,33.0,31.0,3.0,2.0,41.0,36.0,36.0,21.0,33.0,31.0,41.0,36.0,36.0,21.0,33.0,31.0,198.0,100.0,50.0,50.0,41.0,1.2,50.0,50.0,-5.0,5.0,1.1,1.0,50.0,0.0,65.370776,1.0,52.45726,2.0,40.6369,3.0,29.605392,4.0,18.033523,5.0,5.931341,6.0,-6.326353,7.0,-17.461541,8.0,-26.223187,9.0,-34.197609,10.0,-43.399004,11.0,-54.797347,12.0,-68.689981,13.0,-82.694078,14.0,-94.078938,15.0,-103.69877,16.0,-112.681819,17.0,-119.626482,18.0,-123.539309,19.0,-125.587927,20.0,-126.502001,21.0,-125.569174,22.0,-121.310892,23.0,-113.123039,24.0,-102.857885,25.0,-92.476709,26.0,-81.730354,27.0,-69.824577,28.0,-57.163148,29.0,-43.903959,30.0,-30.130638,31.0,-16.832759,32.0,-5.461248,33.0
2,iter_002_7578584d_prompt.txt,1.0,2.0,50.0,100.0,43.0,35.0,34.0,14.0,30.0,42.0,2.0,2.0,198.0,100.0,41.0,36.0,36.0,21.0,33.0,31.0,3.0,2.0,41.0,36.0,36.0,21.0,33.0,31.0,41.0,36.0,36.0,21.0,33.0,31.0,198.0,100.0,50.0,50.0,41.0,1.2,50.0,50.0,-5.0,5.0,1.1,1.0,50.0,0.0,65.370776,1.0,52.45726,2.0,40.6369,3.0,29.605392,4.0,18.033523,5.0,5.931341,6.0,-6.326353,7.0,-17.461541,8.0,-26.223187,9.0,-34.197609,10.0,-43.399004,11.0,-54.797347,12.0,-68.689981,13.0,-82.694078,14.0,-94.078938,15.0,-103.69877,16.0,-112.681819,17.0,-119.626482,18.0,-123.539309,19.0,-125.587927,20.0,-126.502001,21.0,-125.569174,22.0,-121.310892,23.0,-113.123039,24.0,-102.857885,25.0,-92.476709,26.0
2,iter_002_7578584d_response.txt,100.0,43.0,35.0,34.0,14.0,30.0,42.0,43.0,35.0,34.0,14.0,30.0,42.0,20.0,41.0,36.0,50.0,100.0,50.0,50.0,20.0,20.0,20.0,198.0,100.0,50.0,50.0,41.0,1.2,50.0,41.0,36.0,33.0,31.0,0.0,-49.0,10.0,50.0,-99.0,100.0,100.0,33.0,100.0,0.0,41.0,1.0,36.0,2.0,36.0,3.0,21.0,4.0,33.0,5.0,31.0,6.0,3.0,7.0,2.0,8.0,41.0,9.0,36.0,10.0,36.0,11.0,21.0,12.0,33.0,13.0,31.0,14.0,41.0,15.0,36.0,16.0,36.0,17.0,21.0,18.0,33.0,19.0,31.0,20.0,198.0,21.0,100.0,22.0,50.0,23.0,50.0,24.0,41.0,25.0,1.2,26.0,50.0,27.0,50.0,28.0
3,iter_003_41ab6361_prompt.txt,1.0,2.0,50.0,100.0,42.0,34.0,26.0,18.0,28.0,50.0,2.0,3.0,198.0,100.0,100.0,43.0,35.0,34.0,14.0,30.0,42.0,43.0,35.0,34.0,14.0,30.0,42.0,20.0,41.0,36.0,50.0,100.0,50.0,50.0,20.0,20.0,20.0,198.0,100.0,50.0,50.0,41.0,1.2,50.0,41.0,36.0,33.0,31.0,0.0,-49.0,10.0,50.0,-99.0,100.0,100.0,33.0,100.0,0.0,41.0,1.0,36.0,2.0,36.0,3.0,21.0,4.0,33.0,5.0,31.0,6.0,3.0,7.0,2.0,8.0,41.0,9.0,36.0,10.0,36.0,11.0,21.0,12.0,33.0,13.0,31.0,14.0,41.0,15.0,36.0,16.0,36.0,17.0,21.0,18.0,33.0,19.0,31.0,20.0,198.0,21.0
3,iter_003_41ab6361_response.txt,100.0,42.0,34.0,26.0,18.0,28.0,50.0,3.0,2.0,3.0,2.0,42.0,34.0,26.0,18.0,28.0,50.0,50.0,50.0,100.0,43.0,35.0,34.0,14.0,30.0,42.0,43.0,35.0,34.0,14.0,30.0,42.0,20.0,41.0,36.0,50.0,100.0,50.0,50.0,20.0,20.0,20.0,198.0,100.0,50.0,50.0,41.0,1.2,50.0,41.0,36.0,33.0,31.0,0.0,-49.0,10.0,50.0,-99.0,100.0,100.0,33.0,100.0,0.0,41.0,1.0,36.0,2.0,36.0,3.0,50.0,50.0,21.0,4.0,33.0,5.0,31.0,6.0,3.0,7.0,2.0,8.0,41.0,9.0,36.0,10.0,36.0,11.0,21.0,12.0,33.0,13.0,31.0,14.0,41.0,15.0,36.0,16.0,36.0,17.0,21.0
4,iter_004_7c742b99_prompt.txt,1.0,2.0,50.0,100.0,43.0,34.0,21.0,24.0,29.0,47.0,2.0,4.0,198.0,100.0,100.0,42.0,34.0,26.0,18.0,28.0,50.0,3.0,2.0,3.0,2.0,42.0,34.0,26.0,18.0,28.0,50.0,50.0,50.0,100.0,43.0,35.0,34.0,14.0,30.0,42.0,43.0,35.0,34.0,14.0,30.0,42.0,20.0,41.0,36.0,50.0,100.0,50.0,50.0,20.0,20.0,20.0,198.0,100.0,50.0,50.0,41.0,1.2,50.0,41.0,36.0,33.0,31.0,0.0,-49.0,10.0,50.0,-99.0,100.0,100.0,33.0,100.0,0.0,41.0,1.0,36.0,2.0,36.0,3.0,50.0,50.0,21.0,4.0,33.0,5.0,31.0,6.0,3.0,7.0,2.0,8.0,41.0,9.0,36.0,10.0,36.0
4,iter_004_7c742b99_response.txt,100.0,43.0,34.0,21.0,24.0,29.0,47.0,3.0,2.0,43.0,34.0,21.0,24.0,29.0,47.0,100.0,50.0,50.0,50.0,43.0,47.0,29.0,50.0,100.0,42.0,34.0,26.0,18.0,28.0,50.0,3.0,2.0,3.0,2.0,42.0,34.0,26.0,18.0,28.0,50.0,50.0,50.0,100.0,43.0,35.0,34.0,14.0,30.0,42.0,43.0,35.0,34.0,14.0,30.0,42.0,20.0,41.0,36.0,50.0,100.0,50.0,50.0,20.0,20.0,20.0,198.0,100.0,50.0,50.0,41.0,1.2,50.0,41.0,50.0,0.0,-49.0,0.0,100.0,1.0,42.0,2.0,34.0,3.0,26.0,4.0,18.0,5.0,28.0,6.0,50.0,7.0,3.0,8.0,2.0,9.0,3.0,10.0,2.0,11.0,42.0
5,iter_005_6c653d07_response.txt,100.0,42.0,35.0,16.0,25.0,33.0,45.0,42.0,35.0,16.0,25.0,33.0,45.0,50.0,5.0,50.0,50.0,50.0,5.0,50.0,0.0,-49.0,0.0,100.0,1.0,43.0,2.0,34.0,3.0,21.0,4.0,24.0,5.0,29.0,6.0,47.0,7.0,3.0,8.0,2.0,9.0,43.0,10.0,34.0,11.0,21.0,12.0,24.0,13.0,29.0,14.0,47.0,15.0,100.0,16.0,50.0,17.0,50.0,18.0,50.0,19.0,43.0,20.0,47.0,21.0,29.0,22.0,50.0,23.0,100.0,24.0,42.0,25.0,34.0,26.0,26.0,27.0,18.0,28.0,28.0,29.0,50.0,30.0,3.0,31.0,2.0,32.0,3.0,33.0,2.0,34.0,42.0,35.0,34.0,36.0,26.0,37.0,18.0,38.0,28.0
5,iter_005_6c653d07_prompt.txt,1.0,2.0,50.0,100.0,42.0,35.0,16.0,25.0,33.0,45.0,2.0,5.0,196.0,100.0,100.0,43.0,34.0,21.0,24.0,29.0,47.0,3.0,2.0,43.0,34.0,21.0,24.0,29.0,47.0,100.0,50.0,50.0,50.0,43.0,47.0,29.0,50.0,100.0,42.0,34.0,26.0,18.0,28.0,50.0,3.0,2.0,3.0,2.0,42.0,34.0,26.0,18.0,28.0,50.0,50.0,50.0,100.0,43.0,35.0,34.0,14.0,30.0,42.0,43.0,35.0,34.0,14.0,30.0,42.0,20.0,41.0,36.0,50.0,100.0,50.0,50.0,20.0,20.0,20.0,198.0,100.0,50.0,50.0,41.0,1.2,50.0,41.0,50.0,0.0,-49.0,0.0,100.0,1.0,42.0,2.0,34.0,3.0,26.0,4.0,18.0
6,iter_006_8222e242_prompt.txt,1.0,2.0,50.0,100.0,43.0,34.0,24.0,19.0,28.0,49.0,2.0,6.0,197.0,100.0,100.0,42.0,35.0,16.0,25.0,33.0,45.0,42.0,35.0,16.0,25.0,33.0,45.0,50.0,5.0,50.0,50.0,50.0,5.0,50.0,0.0,-49.0,0.0,100.0,1.0,43.0,2.0,34.0,3.0,21.0,4.0,24.0,5.0,29.0,6.0,47.0,7.0,3.0,8.0,2.0,9.0,43.0,10.0,34.0,11.0,21.0,12.0,24.0,13.0,29.0,14.0,47.0,15.0,100.0,16.0,50.0,17.0,50.0,18.0,50.0,19.0,43.0,20.0,47.0,21.0,29.0,22.0,50.0,23.0,100.0,24.0,42.0,25.0,34.0,26.0,26.0,27.0,18.0,28.0,28.0,29.0,50.0,30.0,3.0,31.0,2.0
6,iter_006_8222e242_response.txt,100.0,43.0,34.0,24.0,19.0,28.0,49.0,3.0,2.0,43.0,34.0,24.0,19.0,28.0,49.0,43.0,34.0,24.0,19.0,28.0,49.0,14.0,50.0,1.0,50.0,0.9,100.0,0.9,-5.0,100.0,0.9,100.0,0.0,-99.0,0.0,100.0,1.0,42.0,2.0,35.0,3.0,16.0,4.0,25.0,5.0,33.0,6.0,45.0,7.0,42.0,8.0,35.0,9.0,16.0,10.0,25.0,11.0,33.0,12.0,45.0,13.0,50.0,14.0,5.0,15.0,50.0,16.0,50.0,17.0,50.0,18.0,5.0,19.0,50.0,20.0,0.0,21.0,-49.0,22.0,0.0,23.0,100.0,24.0,1.0,25.0,43.0,26.0,2.0,27.0,34.0,28.0,3.0,29.0,21.0,30.0,4.0,31.0,24.0,32.0,5.0
7,iter_007_6e1b1487_prompt.txt,1.0,2.0,50.0,100.0,42.0,34.0,22.0,19.0,33.0,48.0,2.0,7.0,198.0,100.0,100.0,43.0,34.0,24.0,19.0,28.0,49.0,3.0,2.0,43.0,34.0,24.0,19.0,28.0,49.0,43.0,34.0,24.0,19.0,28.0,49.0,14.0,50.0,1.0,50.0,0.9,100.0,0.9,-5.0,100.0,0.9,100.0,0.0,-99.0,0.0,100.0,1.0,42.0,2.0,35.0,3.0,16.0,4.0,25.0,5.0,33.0,6.0,45.0,7.0,42.0,8.0,35.0,9.0,16.0,10.0,25.0,11.0,33.0,12.0,45.0,13.0,50.0,14.0,5.0,15.0,50.0,16.0,50.0,17.0,50.0,18.0,5.0,19.0,50.0,20.0,0.0,21.0,-49.0,22.0,0.0,23.0,100.0,24.0,1.0,25.0,43.0
7,iter_007_6e1b1487_response.txt,100.0,42.0,34.0,22.0,19.0,33.0,48.0,42.0,34.0,22.0,19.0,33.0,48.0,15.0,100.0,0.0,100.0,1.0,43.0,2.0,34.0,3.0,24.0,0.0,100.0,1.0,43.0,2.0,34.0,3.0,24.0,4.0,19.0,5.0,28.0,6.0,49.0,7.0,3.0,8.0,2.0,9.0,43.0,0.9,48.0,100.0,50.0,50.0,15.0,100.0,43.0,34.0,24.0,19.0,28.0,49.0,3.0,2.0,43.0,34.0,24.0,19.0,28.0,49.0,100.0,1.0,43.0,2.0,34.0,1.0,50.0,14.0,49.0,14.0,100.0,0.0,0.0,100.0,1.0,43.0,2.0,34.0,3.0,24.0,4.0,19.0,5.0,28.0,6.0,49.0,7.0,3.0,8.0,2.0,9.0,43.0,10.0,34.0,11.0,24.0
8,iter_008_ef68c2b4_prompt.txt,1.0,2.0,50.0,100.0,42.0,34.0,26.0,19.0,29.0,48.0,2.0,8.0,198.0,100.0,100.0,42.0,34.0,22.0,19.0,33.0,48.0,42.0,34.0,22.0,19.0,33.0,48.0,15.0,100.0,0.0,100.0,1.0,43.0,2.0,34.0,3.0,24.0,0.0,100.0,1.0,43.0,2.0,34.0,3.0,24.0,4.0,19.0,5.0,28.0,6.0,49.0,7.0,3.0,8.0,2.0,9.0,43.0,0.9,48.0,100.0,50.0,50.0,15.0,100.0,43.0,34.0,24.0,19.0,28.0,49.0,3.0,2.0,43.0,34.0,24.0,19.0,28.0,49.0,100.0,1.0,43.0,2.0,34.0,1.0,50.0,14.0,49.0,14.0,100.0,0.0,0.0,100.0,1.0,43.0,2.0,34.0,3.0,24.0,4.0,19.0
8,iter_008_ef68c2b4_response.txt,100.0,0.9,0.0,0.0,-100.0,2.0,100.0,0.0,-4.0,100.0,42.0,34.0,22.0,19.0,33.0,48.0,42.0,34.0,22.0,19.0,33.0,48.0,15.0,100.0,0.0,100.0,1.0,43.0,2.0,34.0,3.0,24.0,0.0,100.0,1.0,43.0,2.0,34.0,3.0,24.0,4.0,19.0,5.0,28.0,6.0,49.0,7.0,3.0,8.0,2.0,9.0,43.0,0.9,48.0,100.0,50.0,50.0,15.0,100.0,43.0,34.0,24.0,19.0,28.0,49.0,3.0,2.0,43.0,34.0,24.0,19.0,28.0,49.0,100.0,1.0,43.0,2.0,34.0,1.0,50.0,14.0,49.0,14.0,100.0,0.0,0.0,100.0,1.0,43.0,2.0,34.0,3.0,24.0,4.0,19.0,5.0,28.0,6.0,49.0,7.0
9,iter_009_e94d3c7e_prompt.txt,1.0,2.0,50.0,100.0,42.0,34.0,24.0,19.0,30.0,49.0,2.0,9.0,198.0,100.0,100.0,0.9,0.0,0.0,-100.0,2.0,100.0,0.0,-4.0,100.0,42.0,34.0,22.0,19.0,33.0,48.0,42.0,34.0,22.0,19.0,33.0,48.0,15.0,100.0,0.0,100.0,1.0,43.0,2.0,34.0,3.0,24.0,0.0,100.0,1.0,43.0,2.0,34.0,3.0,24.0,4.0,19.0,5.0,28.0,6.0,49.0,7.0,3.0,8.0,2.0,9.0,43.0,0.9,48.0,100.0,50.0,50.0,15.0,100.0,43.0,34.0,24.0,19.0,28.0,49.0,3.0,2.0,43.0,34.0,24.0,19.0,28.0,49.0,100.0,1.0,43.0,2.0,34.0,1.0,50.0,14.0,49.0,14.0,100.0,0.0,0.0
9,iter_009_e94d3c7e_response.txt,100.0,100.0,-2.0,2.0,0.0,-50.0,1.1,-2.0,2.0,-5.0,5.0,100.0,100.0,0.9,-2.0,2.0,0.0,-5.0,0.1,0.1,-2.0,2.0,100.0,0.95,0.05,0.05,0.95,0.9,100.0,10.0,50.0,1.0,50.0,0.9,100.0,0.9,-5.0,100.0,0.9,100.0,0.9,45.0,0.9,45.0,0.81,90.0,0.81,-4.5,90.0,0.81,90.0,100.0,100.0,50.0,1.0,50.0,0.9,100.0,0.9,-5.0,100.0,0.9,100.0,0.0,-99.0,0.0,100.0,1.0,42.0,2.0,35.0,3.0,16.0,4.0,25.0,5.0,33.0,6.0,45.0,7.0,42.0,8.0,35.0,9.0,16.0,10.0,25.0,11.0,33.0,12.0,45.0,13.0,50.0,14.0,5.0,15.0,50.0,16.0,50.0,17.0
10,iter_010_30f16031_response.txt,100.0,100.0,100.0,-100.0,100.0,1.1,100.0,1.1,110.0,100.0,10.0,1.05,20.0,100.0,0.9,0.0,0.95,0.98,5.0,5.0,0.9,0.9,-100.0,100.0,100.0,100.0,0.9,0.0,0.0,-100.0,1.0,100.0,0.9,1.0,0.9,2.0,0.0,3.0,0.0,4.0,-100.0,5.0,1.0,6.0,100.0,7.0,0.0,8.0,-4.0,9.0,100.0,10.0,42.0,11.0,34.0,12.0,22.0,13.0,19.0,14.0,33.0,15.0,48.0,16.0,42.0,17.0,34.0,18.0,22.0,19.0,19.0,20.0,33.0,21.0,48.0,22.0,15.0,23.0,100.0,24.0,0.0,25.0,100.0,26.0,1.0,27.0,43.0,28.0,2.0,29.0,34.0,30.0,3.0,31.0,24.0,32.0,0.0,33.0,100.0,34.0
10,iter_010_30f16031_prompt.txt,1.0,2.0,50.0,100.0,42.0,38.0,21.0,18.0,28.0,51.0,2.0,10.0,198.0,100.0,100.0,100.0,-2.0,2.0,0.0,-50.0,1.1,-2.0,2.0,-5.0,5.0,100.0,100.0,0.9,-2.0,2.0,0.0,-5.0,0.1,0.1,-2.0,2.0,100.0,0.95,0.05,0.05,0.95,0.9,100.0,10.0,50.0,1.0,50.0,0.9,100.0,0.9,-5.0,100.0,0.9,100.0,0.9,45.0,0.9,45.0,0.81,90.0,0.81,-4.5,90.0,0.81,90.0,100.0,100.0,50.0,1.0,50.0,0.9,100.0,0.9,-5.0,100.0,0.9,100.0,0.0,-99.0,0.0,100.0,1.0,42.0,2.0,35.0,3.0,16.0,4.0,25.0,5.0,33.0,6.0,45.0,7.0,42.0,8.0,35.0,9.0,16.0,10.0
11,iter_011_4338109a_prompt.txt,1.0,2.0,50.0,100.0,44.0,35.0,22.0,20.0,31.0,46.0,2.0,11.0,198.0,100.0,100.0,100.0,100.0,-100.0,100.0,1.1,100.0,1.1,110.0,100.0,10.0,1.05,20.0,100.0,0.9,0.0,0.95,0.98,5.0,5.0,0.9,0.9,-100.0,100.0,100.0,100.0,0.9,0.0,0.0,-100.0,1.0,100.0,0.9,1.0,0.9,2.0,0.0,3.0,0.0,4.0,-100.0,5.0,1.0,6.0,100.0,7.0,0.0,8.0,-4.0,9.0,100.0,10.0,42.0,11.0,34.0,12.0,22.0,13.0,19.0,14.0,33.0,15.0,48.0,16.0,42.0,17.0,34.0,18.0,22.0,19.0,19.0,20.0,33.0,21.0,48.0,22.0,15.0,23.0,100.0,24.0,0.0,25.0,100.0,26.0,1.0,27.0
11,iter_011_4338109a_response.txt,100.0,100.0,100.0,1.1,-100.0,100.0,0.9,1.0,50.0,100.0,110.0,0.0,1.0,100.0,100.0,2.0,-2.0,-2.0,-5.0,-100.0,100.0,-5.0,0.9,0.95,100.0,0.0,100.0,1.0,100.0,2.0,-2.0,3.0,2.0,5.0,3.0,5.0,4.0,0.0,0.0,5.0,-50.0,6.0,1.1,7.0,-2.0,8.0,2.0,9.0,-5.0,10.0,5.0,11.0,100.0,12.0,100.0,13.0,0.9,14.0,-2.0,15.0,2.0,16.0,0.0,17.0,-5.0,18.0,0.1,19.0,0.1,20.0,-2.0,21.0,2.0,22.0,100.0,23.0,0.95,24.0,0.05,25.0,0.05,26.0,0.95,27.0,0.9,28.0,100.0,29.0,10.0,30.0,50.0,31.0,1.0,32.0,50.0,33.0,0.9,34.0,100.0,35.0
12,iter_012_97a06534_prompt.txt,1.0,2.0,50.0,100.0,45.0,34.0,25.0,18.0,29.0,47.0,2.0,12.0,198.0,100.0,100.0,100.0,100.0,1.1,-100.0,100.0,0.9,1.0,50.0,100.0,110.0,0.0,1.0,100.0,100.0,2.0,-2.0,-2.0,-5.0,-100.0,100.0,-5.0,0.9,0.95,100.0,0.0,100.0,1.0,100.0,2.0,-2.0,3.0,2.0,5.0,3.0,5.0,4.0,0.0,0.0,5.0,-50.0,6.0,1.1,7.0,-2.0,8.0,2.0,9.0,-5.0,10.0,5.0,11.0,100.0,12.0,100.0,13.0,0.9,14.0,-2.0,15.0,2.0,16.0,0.0,17.0,-5.0,18.0,0.1,19.0,0.1,20.0,-2.0,21.0,2.0,22.0,100.0,23.0,0.95,24.0,0.05,25.0,0.05,26.0,0.95,27.0,0.9,28.0
12,iter_012_97a06534_response.txt,100.0,6.0,100.0,100.0,0.0,-50.0,0.0,100.0,10.0,100.0,-30.0,100.0,-30.0,100.0,100.0,-30.0,100.0,0.0,0.0,1.0,0.0,100.0,0.5,0.005,100.0,0.9,100.0,0.0,100.0,0.9,0.95,0.9,100.0,0.9,100.0,100.0,1.1,0.9,100.0,100.0,-2.0,2.0,0.0,-50.0,1.1,-2.0,2.0,-5.0,5.0,100.0,100.0,0.9,-2.0,2.0,7.0,100.0,100.0,-2.0,2.0,0.0,-50.0,100.0,100.0,100.0,-2.0,2.0,0.0,-50.0,1.1,8.0,9.0,100.0,-30.0,100.0,-30.0,100.0,-30.0,130.0,99.0,-30.0,100.0,-30.0,100.0,100.0,-30.0,100.0,-30.0,100.0,100.0,-30.0,99.0,130.0,99.0,1.31313131313,-30.0,1.31313131313,100.0,0.0,99.0,0.0
13,iter_013_924f79cd_prompt.txt,1.0,2.0,50.0,100.0,42.0,35.0,22.0,22.0,30.0,47.0,2.0,13.0,198.0,100.0,100.0,6.0,100.0,100.0,0.0,-50.0,0.0,100.0,10.0,100.0,-30.0,100.0,-30.0,100.0,100.0,-30.0,100.0,0.0,0.0,1.0,0.0,100.0,0.5,0.005,100.0,0.9,100.0,0.0,100.0,0.9,0.95,0.9,100.0,0.9,100.0,100.0,1.1,0.9,100.0,100.0,-2.0,2.0,0.0,-50.0,1.1,-2.0,2.0,-5.0,5.0,100.0,100.0,0.9,-2.0,2.0,7.0,100.0,100.0,-2.0,2.0,0.0,-50.0,100.0,100.0,100.0,-2.0,2.0,0.0,-50.0,1.1,8.0,9.0,100.0,-30.0,100.0,-30.0,100.0,-30.0,130.0,99.0,-30.0,100.0,-30.0,100.0,100.0,-30.0,100.0
13,iter_013_924f79cd_response.txt,100.0,40.0,100.0,-30.0,130.0,-30.0,130.0,-30.0,130.0,2.0,0.0,0.0,100.0,0.0,1.1,0.0,0.0,30.0,2.0,100.0,1.05,100.0,1.05,-100.0,130.0,1.05,100.0,1.05,105.0,100.0,1.05,105.0,100.0,1.05,105.0,-30.0,1.05,-31.5,100.0,1.05,105.0,1.1,1.05,1.155,100.0,1.05,105.0,1.1,1.05,1.155,110.0,1.05,115.5,100.0,1.05,105.0,10.0,1.05,10.5,1.05,1.05,1.1025,20.0,1.05,21.0,100.0,1.05,105.0,0.9,1.05,0.945,0.0,1.05,0.0,0.95,1.05,0.9975,0.98,1.05,1.029,5.0,1.05,5.25,5.0,1.05,5.25,100.0,100.0,100.0,100.0,6.0,100.0,100.0,0.0,-50.0,0.0,100.0,10.0,100.0,-30.0
14,iter_014_c194af3b_response.txt,100.0,3.0,100.0,100.0,100.0,1.0,100.0,-1.0,1.0,-100.0,130.0,0.0,0.0,10.0,20.0,100.0,50.0,2.0,100.0,-50.0,50.0,100.0,50.0,2.0,100.0,0.0,0.99,-100.0,2.3,-100.0,130.0,-100.0,2.3,99.0,-100.0,227.7,127.7,100.0,0.0,100.0,2.0,100.0,100.0,2.0,0.0,0.99,2.0,100.0,0.0628319,0.0,0.0,0.0,25.0,2.0,1.0,50.0,0.0,75.0,3.0,2.0,-1.0,100.0,2.0,0.0,100.0,100.0,0.0,1.0,2.0,99.0,-100.0,130.0,0.0,99.0,100.0,0.0,1.0,0.99,0.0,0.0,1.0,2.0,3.0,4.0,5.0,6.0,7.0,8.0,9.0,10.0,11.0,12.0,13.0,14.0,15.0,16.0,17.0,18.0,19.0,20.0
14,iter_014_c194af3b_prompt.txt,1.0,2.0,50.0,100.0,43.0,34.0,23.0,19.0,37.0,42.0,2.0,14.0,198.0,100.0,100.0,40.0,100.0,-30.0,130.0,-30.0,130.0,-30.0,130.0,2.0,0.0,0.0,100.0,0.0,1.1,0.0,0.0,30.0,2.0,100.0,1.05,100.0,1.05,-100.0,130.0,1.05,100.0,1.05,105.0,100.0,1.05,105.0,100.0,1.05,105.0,-30.0,1.05,-31.5,100.0,1.05,105.0,1.1,1.05,1.155,100.0,1.05,105.0,1.1,1.05,1.155,110.0,1.05,115.5,100.0,1.05,105.0,10.0,1.05,10.5,1.05,1.05,1.1025,20.0,1.05,21.0,100.0,1.05,105.0,0.9,1.05,0.945,0.0,1.05,0.0,0.95,1.05,0.9975,0.98,1.05,1.029,5.0,1.05,5.25,5.0,1.05,5.25
15,iter_015_b6241aee_response.txt,100.0,100.0,100.0,-30.0,130.0,1.2,1.1,130.0,-100.0,100.0,100.0,100.0,100.0,1.05,1.05,130.0,-100.0,1.05,130.0,1.05,130.0,100.0,1.03,100.0,6.0,100.0,100.0,0.0,-50.0,0.0,100.0,10.0,100.0,-30.0,100.0,-30.0,100.0,100.0,-30.0,100.0,0.0,0.0,1.0,0.0,100.0,0.5,0.005,100.0,0.9,100.0,0.0,100.0,0.9,0.95,0.9,100.0,0.9,100.0,100.0,1.1,0.9,100.0,100.0,-2.0,2.0,0.0,-50.0,1.1,-2.0,2.0,-5.0,5.0,100.0,100.0,0.9,-2.0,2.0,7.0,100.0,100.0,-2.0,2.0,0.0,-50.0,100.0,100.0,100.0,-2.0,2.0,0.0,-50.0,1.1,8.0,9.0,100.0,-30.0,100.0,-30.0,100.0,-30.0
15,iter_015_b6241aee_prompt.txt,1.0,2.0,50.0,100.0,44.0,36.0,22.0,22.0,34.0,40.0,2.0,15.0,198.0,100.0,100.0,3.0,100.0,100.0,100.0,1.0,100.0,-1.0,1.0,-100.0,130.0,0.0,0.0,10.0,20.0,100.0,50.0,2.0,100.0,-50.0,50.0,100.0,50.0,2.0,100.0,0.0,0.99,-100.0,2.3,-100.0,130.0,-100.0,2.3,99.0,-100.0,227.7,127.7,100.0,0.0,100.0,2.0,100.0,100.0,2.0,0.0,0.99,2.0,100.0,0.0628319,0.0,0.0,0.0,25.0,2.0,1.0,50.0,0.0,75.0,3.0,2.0,-1.0,100.0,2.0,0.0,100.0,100.0,0.0,1.0,2.0,99.0,-100.0,130.0,0.0,99.0,100.0,0.0,1.0,0.99,0.0,0.0,1.0,2.0,3.0,4.0,5.0,6.0
16,iter_016_b250ab16_prompt.txt,1.0,2.0,50.0,100.0,44.0,34.0,24.0,18.0,29.0,49.0,2.0,16.0,198.0,100.0,100.0,100.0,100.0,-30.0,130.0,1.2,1.1,130.0,-100.0,100.0,100.0,100.0,100.0,1.05,1.05,130.0,-100.0,1.05,130.0,1.05,130.0,100.0,1.03,100.0,6.0,100.0,100.0,0.0,-50.0,0.0,100.0,10.0,100.0,-30.0,100.0,-30.0,100.0,100.0,-30.0,100.0,0.0,0.0,1.0,0.0,100.0,0.5,0.005,100.0,0.9,100.0,0.0,100.0,0.9,0.95,0.9,100.0,0.9,100.0,100.0,1.1,0.9,100.0,100.0,-2.0,2.0,0.0,-50.0,1.1,-2.0,2.0,-5.0,5.0,100.0,100.0,0.9,-2.0,2.0,7.0,100.0,100.0,-2.0,2.0,0.0,-50.0,100.0,100.0
16,iter_016_b250ab16_response.txt,100.0,100.0,100.0,100.0,100.0,100.0,-30.0,-30.0,130.0,-30.0,130.0,-30.0,130.0,-30.0,130.0,-30.0,130.0,0.0,100.0,99.0,-30.0,130.0,30.0,99.0,160.0,-30.0,160.0,99.0,-30.0,130.0,100.0,-30.0,130.0,130.0,-30.0,99.0,160.0,99.0,1.61616161616,0.0,-30.0,99.0,130.0,0.0,99.0,-30.0,1.61616161616,0.0,-30.0,1.0,-28.38383838384,2.0,-26.76767676768,3.0,-25.15151515152,4.0,-23.53535353536,5.0,-21.9191919192,6.0,-20.30303030304,7.0,-18.68686868688,8.0,-17.07070707072,9.0,-15.45454545456,10.0,-13.8383838384,11.0,-12.22222222224,12.0,-10.60606060608,13.0,-8.98989898992,14.0,-7.37373737376,15.0,-5.7575757576,16.0,-4.14141414144,17.0,-2.52525252528,18.0,-0.90909090912,19.0,0.70707070704,20.0,2.3232323232,21.0,3.93939393936,22.0,5.55555555552,23.0,7.17171717168,24.0,8.78787878784,25.0,10.404040404,26.0
17,iter_017_56baf5e8_prompt.txt,1.0,2.0,50.0,100.0,43.0,34.0,33.0,18.0,28.0,42.0,2.0,17.0,198.0,100.0,100.0,100.0,100.0,100.0,100.0,100.0,-30.0,-30.0,130.0,-30.0,130.0,-30.0,130.0,-30.0,130.0,-30.0,130.0,0.0,100.0,99.0,-30.0,130.0,30.0,99.0,160.0,-30.0,160.0,99.0,-30.0,130.0,100.0,-30.0,130.0,130.0,-30.0,99.0,160.0,99.0,1.61616161616,0.0,-30.0,99.0,130.0,0.0,99.0,-30.0,1.61616161616,0.0,-30.0,1.0,-28.38383838384,2.0,-26.76767676768,3.0,-25.15151515152,4.0,-23.53535353536,5.0,-21.9191919192,6.0,-20.30303030304,7.0,-18.68686868688,8.0,-17.07070707072,9.0,-15.45454545456,10.0,-13.8383838384,11.0,-12.22222222224,12.0,-10.60606060608,13.0,-8.98989898992,14.0,-7.37373737376,15.0,-5.7575757576,16.0,-4.14141414144,17.0,-2.52525252528,18.0,-0.90909090912,19.0
17,iter_017_56baf5e8_response.txt,100.0,100.0,100.0,100.0,100.0,100.0,-30.0,130.0,2.0,100.0,0.9,100.0,-30.0,130.0,0.0,-200.0,-0.5,0.5,100.0,0.5,2.0,100.0,100.0,0.0,99.0,0.5,2.0,100.0,6.0,0.0,0.0,0.0,1.0,2.0,100.0,0.0628319,0.0627905,0.5,0.031395,2.0,0.1256637,0.125333,0.5,0.0626665,3.0,0.1884956,0.187381,0.0936905,4.0,0.2513274,0.24869,0.124345,5.0,0.3141593,0.309017,0.1545085,6.0,0.3769911,0.368124,0.184062,7.0,0.4398229,0.425779,0.2128895,8.0,0.5026548,0.481754,0.240877,9.0,0.5654867,0.535827,0.2679135,10.0,0.6283185,0.587785,0.2938925,11.0,0.6911504,0.637424,0.318712,12.0,0.7539822,0.684547,0.3422735,13.0,0.8168141,0.728969,0.3644845,14.0,0.8796459,0.770513,0.3852565,15.0,0.9424778,0.809017,0.4045085,16.0,1.0053096,0.844328,0.422164
18,iter_018_10d2cc58_prompt.txt,1.0,2.0,50.0,100.0,44.0,37.0,30.0,17.0,29.0,41.0,2.0,18.0,198.0,100.0,100.0,100.0,100.0,100.0,100.0,100.0,-30.0,130.0,2.0,100.0,0.9,100.0,-30.0,130.0,0.0,-200.0,-0.5,0.5,100.0,0.5,2.0,100.0,100.0,0.0,99.0,0.5,2.0,100.0,6.0,0.0,0.0,0.0,1.0,2.0,100.0,0.0628319,0.0627905,0.5,0.031395,2.0,0.1256637,0.125333,0.5,0.0626665,3.0,0.1884956,0.187381,0.0936905,4.0,0.2513274,0.24869,0.124345,5.0,0.3141593,0.309017,0.1545085,6.0,0.3769911,0.368124,0.184062,7.0,0.4398229,0.425779,0.2128895,8.0,0.5026548,0.481754,0.240877,9.0,0.5654867,0.535827,0.2679135,10.0,0.6283185,0.587785,0.2938925,11.0,0.6911504,0.637424,0.318712,12.0,0.7539822,0.684547,0.3422735,13.0,0.8168141
18,iter_018_10d2cc58_response.txt,100.0,7.0,100.0,100.0,100.0,100.0,100.0,100.0,100.0,-30.0,0.9,100.0,6.0,1.0,100.0,0.5,0.5,2.0,100.0,100.0,0.5,0.0,0.99,0.5,2.0,100.0,0.5,100.0,0.5,0.5,-30.0,130.0,0.5,0.5,100.0,0.5,0.5,0.5,0.5,0.5,0.5,0.5,0.5,0.5,0.5,0.5,0.5,0.5,0.5,0.5,0.5,0.5,0.5,0.5,0.5,0.5,0.5,0.5,0.5,0.5,0.5,0.5,0.5,0.5,0.5,0.5,0.5,0.5,0.5,0.5,0.5,0.5,0.5,0.5,0.5,0.5,0.5,0.5,0.5,0.5,0.5,0.5,0.5,0.5,0.5,0.5,0.5,0.5,0.5,0.5,0.5,0.5,0.5,0.5,0.5,0.5,0.5,0.5,0.5,0.5
19,iter_019_9ef8495a_response.txt,100.0,100.0,100.0,-200.0,200.0,100.0,0.0,99.0,100.0,0.0,100.0,-200.0,200.0,100.0,100.0,100.0,30.0,2.0,100.0,-200.0,200.0,30.0,70.0,-130.0,0.0,0.99,100.0,30.0,2.0,100.0,2.0,100.0,0.0628319,0.0628319,30.0,100.0,0.0,0.99,2.0,100.0,0.0,0.0,100.0,1.0,0.0628319,0.06279,30.0,1.8837,101.8837,2.0,0.1256637,0.125333,30.0,3.75999,103.76,3.0,0.1884956,0.187381,30.0,5.62143,105.621,4.0,0.2513274,0.24869,30.0,7.4607,107.461,5.0,0.3141593,0.309017,30.0,9.2705,109.271,6.0,0.3769911,0.368124,30.0,11.0437,111.044,7.0,0.4398229,0.425779,30.0,12.7734,112.773,8.0,0.5026548,0.481754,30.0,14.4526,114.453,9.0,0.5654867,0.535827,30.0,16.0748,116.075,10.0,0.6283185,0.587785
19,iter_019_9ef8495a_prompt.txt,1.0,2.0,50.0,100.0,42.0,35.0,32.0,17.0,30.0,42.0,2.0,19.0,198.0,100.0,100.0,7.0,100.0,100.0,100.0,100.0,100.0,100.0,100.0,-30.0,0.9,100.0,6.0,1.0,100.0,0.5,0.5,2.0,100.0,100.0,0.5,0.0,0.99,0.5,2.0,100.0,0.5,100.0,0.5,0.5,-30.0,130.0,0.5,0.5,100.0,0.5,0.5,0.5,0.5,0.5,0.5,0.5,0.5,0.5,0.5,0.5,0.5,0.5,0.5,0.5,0.5,0.5,0.5,0.5,0.5,0.5,0.5,0.5,0.5,0.5,0.5,0.5,0.5,0.5,0.5,0.5,0.5,0.5,0.5,0.5,0.5,0.5,0.5,0.5,0.5,0.5,0.5,0.5,0.5,0.5,0.5,0.5,0.5,0.5,0.5,0.5
20,iter_020_029e8912_response.txt,100.0,100.0,1.0,100.0,1.0,1.1,1.1,100.0,0.5,0.5,0.5,0.5,0.5,0.5,0.5,0.5,0.5,0.5,0.5,0.5,0.5,0.5,0.5,0.5,0.5,0.5,0.5,0.5,0.5,0.5,0.5,0.5,0.5,0.5,0.5,0.5,0.5,0.5,0.5,0.5,0.5,0.5,0.5,0.5,0.5,0.5,0.5,0.5,0.5,0.5,0.5,0.5,0.5,0.5,0.5,0.5,0.5,0.5,0.5,0.5,0.5,0.5,0.5,0.5,0.5,0.5,0.5,0.5,0.5,0.5,0.5,0.5,0.5,0.5,0.5,0.5,0.5,0.5,0.5,0.5,0.5,0.5,0.5,0.5,0.5,0.5,0.5,0.5,0.5,0.5,0.5,0.5,0.5,0.5,0.5,0.5,0.5,0.5,0.5,0.5
20,iter_020_029e8912_prompt.txt,1.0,2.0,50.0,100.0,43.0,34.0,27.0,19.0,32.0,43.0,2.0,20.0,198.0,100.0,100.0,100.0,100.0,-200.0,200.0,100.0,0.0,99.0,100.0,0.0,100.0,-200.0,200.0,100.0,100.0,100.0,30.0,2.0,100.0,-200.0,200.0,30.0,70.0,-130.0,0.0,0.99,100.0,30.0,2.0,100.0,2.0,100.0,0.0628319,0.0628319,30.0,100.0,0.0,0.99,2.0,100.0,0.0,0.0,100.0,1.0,0.0628319,0.06279,30.0,1.8837,101.8837,2.0,0.1256637,0.125333,30.0,3.75999,103.76,3.0,0.1884956,0.187381,30.0,5.62143,105.621,4.0,0.2513274,0.24869,30.0,7.4607,107.461,5.0,0.3141593,0.309017,30.0,9.2705,109.271,6.0,0.3769911,0.368124,30.0,11.0437,111.044,7.0,0.4398229,0.425779,30.0,12.7734,112.773,8.0
21,iter_021_69f4b68e_prompt.txt,1.0,2.0,50.0,100.0,44.0,34.0,30.0,19.0,26.0,45.0,2.0,21.0,198.0,100.0,100.0,100.0,1.0,100.0,1.0,1.1,1.1,100.0,0.5,0.5,0.5,0.5,0.5,0.5,0.5,0.5,0.5,0.5,0.5,0.5,0.5,0.5,0.5,0.5,0.5,0.5,0.5,0.5,0.5,0.5,0.5,0.5,0.5,0.5,0.5,0.5,0.5,0.5,0.5,0.5,0.5,0.5,0.5,0.5,0.5,0.5,0.5,0.5,0.5,0.5,0.5,0.5,0.5,0.5,0.5,0.5,0.5,0.5,0.5,0.5,0.5,0.5,0.5,0.5,0.5,0.5,0.5,0.5,0.5,0.5,0.5,0.5,0.5,0.5,0.5,0.5,0.5,0.5,0.5,0.5,0.5,0.5,0.5,0.5,0.5,0.5
21,iter_021_69f4b68e_response.txt,100.0,100.0,1.0,100.0,20.0,-30.0,0.0,100.0,120.0,150.0,100.0,10.0,120.0,10.0,9.0,-30.0,-40.0,-30.0,-30.0,100.0,120.0,-150.0,150.0,120.0,100.0,100.0,100.0,100.0,100.0,100.0,100.0,100.0,-30.0,0.9,100.0,6.0,1.0,100.0,0.5,0.5,2.0,100.0,100.0,0.5,0.0,0.99,0.5,2.0,100.0,0.5,100.0,0.5,0.5,-30.0,130.0,0.5,0.5,100.0,0.5,0.5,0.5,0.5,0.5,0.5,0.5,0.5,0.5,0.5,0.5,0.5,0.5,0.5,0.5,0.5,0.5,0.5,0.5,0.5,0.5,0.5,0.5,0.5,0.5,0.5,0.5,0.5,0.5,0.5,0.5,0.5,0.5,0.5,0.5,0.5,0.5,0.5,0.5,0.5,0.5,0.5
22,iter_022_32be5fcc_prompt.txt,1.0,2.0,50.0,100.0,44.0,34.0,27.0,23.0,29.0,40.0,2.0,22.0,197.0,100.0,100.0,100.0,1.0,100.0,20.0,-30.0,0.0,100.0,120.0,150.0,100.0,10.0,120.0,10.0,9.0,-30.0,-40.0,-30.0,-30.0,100.0,120.0,-150.0,150.0,120.0,100.0,100.0,100.0,100.0,100.0,100.0,100.0,100.0,-30.0,0.9,100.0,6.0,1.0,100.0,0.5,0.5,2.0,100.0,100.0,0.5,0.0,0.99,0.5,2.0,100.0,0.5,100.0,0.5,0.5,-30.0,130.0,0.5,0.5,100.0,0.5,0.5,0.5,0.5,0.5,0.5,0.5,0.5,0.5,0.5,0.5,0.5,0.5,0.5,0.5,0.5,0.5,0.5,0.5,0.5,0.5,0.5,0.5,0.5,0.5,0.5,0.5,0.5
22,iter_022_32be5fcc_response.txt,100.0,100.0,100.0,-30.0,100.0,100.0,100.0,0.0,1.0,100.0,100.0,-200.0,200.0,0.0,100.0,100.0,100.0,1.0,100.0,100.0,100.0,2.0,-200.0,200.0,-200.0,200.0,3.0,200.0,100.0,0.0,3.0,200.0,1.0,3.0,100.0,100.0,8.0,100.0,0.0,100.0,100.0,-200.0,200.0,100.0,100.0,100.0,-200.0,200.0,100.0,100.0,100.0,100.0,100.0,100.0,100.0,100.0,100.0,100.0,-200.0,200.0,100.0,100.0,100.0,100.0,100.0,100.0,100.0,100.0,100.0,100.0,100.0,100.0,100.0,100.0,100.0,100.0,100.0,100.0,100.0,100.0,100.0,100.0,100.0,100.0,100.0,100.0,100.0,100.0,100.0,100.0,100.0,100.0,100.0,100.0,100.0,100.0,100.0,100.0,100.0,100.0
23,iter_023_ec551545_prompt.txt,1.0,2.0,50.0,100.0,44.0,36.0,16.0,23.0,31.0,44.0,2.0,23.0,194.0,100.0,100.0,100.0,100.0,-30.0,100.0,100.0,100.0,0.0,1.0,100.0,100.0,-200.0,200.0,0.0,100.0,100.0,100.0,1.0,100.0,100.0,100.0,2.0,-200.0,200.0,-200.0,200.0,3.0,200.0,100.0,0.0,3.0,200.0,1.0,3.0,100.0,100.0,8.0,100.0,0.0,100.0,100.0,-200.0,200.0,100.0,100.0,100.0,-200.0,200.0,100.0,100.0,100.0,100.0,100.0,100.0,100.0,100.0,100.0,100.0,-200.0,200.0,100.0,100.0,100.0,100.0,100.0,100.0,100.0,100.0,100.0,100.0,100.0,100.0,100.0,100.0,100.0,100.0,100.0,100.0,100.0,100.0,100.0,100.0,100.0,100.0,100.0,100.0
23,iter_023_ec551545_response.txt,100.0,100.0,1.1,0.0,-100.0,100.0,-30.0,0.1,100.0,100.0,5.0,0.0,110.0,1.0,110.0,100.0,0.5,1.0,0.05,100.0,0.05,0.0,1.0,0.5,0.9,0.02,0.02,100.0,100.0,0.02,100.02,100.0,100.0,100.0,0.02,-100.0,100.0,1.0,100.0,1.0,100.0,20.0,-30.0,0.0,100.0,120.0,150.0,100.0,1.0,100.0,1.0,100.0,20.0,-30.0,0.0,100.0,120.0,150.0,100.0,10.0,120.0,10.0,9.0,-30.0,-40.0,-30.0,-30.0,100.0,120.0,-150.0,150.0,120.0,100.0,100.0,100.0,100.0,100.0,100.0,100.0,100.0,100.0,100.0,-30.0,0.9,100.0,6.0,1.0,100.0,0.5,0.5,2.0,100.0,100.0,0.5,0.0,0.99,0.5,2.0,100.0,0.5
24,iter_024_3212b884_prompt.txt,1.0,2.0,50.0,100.0,42.0,35.0,17.0,21.0,34.0,47.0,2.0,24.0,196.0,100.0,100.0,100.0,1.1,0.0,-100.0,100.0,-30.0,0.1,100.0,100.0,5.0,0.0,110.0,1.0,110.0,100.0,0.5,1.0,0.05,100.0,0.05,0.0,1.0,0.5,0.9,0.02,0.02,100.0,100.0,0.02,100.02,100.0,100.0,100.0,0.02,-100.0,100.0,1.0,100.0,1.0,100.0,20.0,-30.0,0.0,100.0,120.0,150.0,100.0,1.0,100.0,1.0,100.0,20.0,-30.0,0.0,100.0,120.0,150.0,100.0,10.0,120.0,10.0,9.0,-30.0,-40.0,-30.0,-30.0,100.0,120.0,-150.0,150.0,120.0,100.0,100.0,100.0,100.0,100.0,100.0,100.0,100.0,100.0,100.0,-30.0,0.9,100.0,6.0
24,iter_024_3212b884_response.txt,100.0,50.0,100.0,2.0,100.0,100.0,100.0,-30.0,100.0,100.0,120.0,3.0,-30.0,-20.0,100.0,100.0,0.5,2.0,1.1,5.0,4.0,-30.0,-10.0,6.0,0.0,10.0,100.0,0.0,-1.0,100.0,2.0,5.0,3.0,100.0,4.0,100.0,5.0,100.0,6.0,-30.0,-10.0,7.0,0.1,0.5,8.0,100.0,9.0,100.0,10.0,5.0,11.0,0.0,12.0,110.0,13.0,1.0,14.0,110.0,15.0,100.0,16.0,0.5,17.0,1.0,18.0,0.05,19.0,100.0,20.0,0.05,21.0,0.0,22.0,1.0,23.0,0.5,24.0,0.9,25.0,0.02,26.0,0.02,27.0,100.0,28.0,100.0,29.0,0.02,30.0,100.02,100.0,0.5,100.0,1.1,1.05,200.0,100.0,-30.0,-30.0,1.05
25,iter_025_6653e2c7_response.txt,100.0,1.0,0.5,0.5,0.4,2.0,100.0,0.1,0.9,100.0,0.0,99.0,0.5,0.4,2.0,100.0,0.0,0.0,0.5,50.0,0.0628319,0.06279,0.5,0.0251,0.5251,2.0,100.0,6.0,0.9,0.9,0.9,100.0,0.9,100.0,100.0,0.5,0.5,0.5,100.0,0.5,100.0,0.5,0.5,0.5,0.5,0.5,0.5,0.5,0.5,0.5,0.5,0.5,0.5,0.5,0.5,0.5,0.5,0.5,0.5,0.5,0.5,0.5,0.5,0.5,0.5,0.5,0.5,0.5,0.5,0.5,0.5,0.5,0.5,0.5,0.5,0.5,0.5,0.5,0.5,0.5,0.5,0.5,0.5,0.5,0.5,0.5,0.5,0.5,0.5,0.5,0.5,0.5,0.5,0.5,0.5,0.5,0.5,0.5,0.5,0.5
25,iter_025_6653e2c7_prompt.txt,1.0,2.0,50.0,100.0,43.0,34.0,22.0,18.0,36.0,44.0,2.0,25.0,197.0,100.0,100.0,50.0,100.0,2.0,100.0,100.0,100.0,-30.0,100.0,100.0,120.0,3.0,-30.0,-20.0,100.0,100.0,0.5,2.0,1.1,5.0,4.0,-30.0,-10.0,6.0,0.0,10.0,100.0,0.0,-1.0,100.0,2.0,5.0,3.0,100.0,4.0,100.0,5.0,100.0,6.0,-30.0,-10.0,7.0,0.1,0.5,8.0,100.0,9.0,100.0,10.0,5.0,11.0,0.0,12.0,110.0,13.0,1.0,14.0,110.0,15.0,100.0,16.0,0.5,17.0,1.0,18.0,0.05,19.0,100.0,20.0,0.05,21.0,0.0,22.0,1.0,23.0,0.5,24.0,0.9,25.0,0.02,26.0,0.02,27.0,100.0,28.0,100.0
26,iter_026_2df99380_prompt.txt,1.0,2.0,50.0,100.0,43.0,34.0,33.0,18.0,27.0,43.0,2.0,26.0,198.0,100.0,100.0,1.0,0.5,0.5,0.4,2.0,100.0,0.1,0.9,100.0,0.0,99.0,0.5,0.4,2.0,100.0,0.0,0.0,0.5,50.0,0.0628319,0.06279,0.5,0.0251,0.5251,2.0,100.0,6.0,0.9,0.9,0.9,100.0,0.9,100.0,100.0,0.5,0.5,0.5,100.0,0.5,100.0,0.5,0.5,0.5,0.5,0.5,0.5,0.5,0.5,0.5,0.5,0.5,0.5,0.5,0.5,0.5,0.5,0.5,0.5,0.5,0.5,0.5,0.5,0.5,0.5,0.5,0.5,0.5,0.5,0.5,0.5,0.5,0.5,0.5,0.5,0.5,0.5,0.5,0.5,0.5,0.5,0.5,0.5,0.5,0.5,0.5
26,iter_026_2df99380_response.txt,100.0,100.0,0.5,100.0,1.1,-1.0,1.0,-1.0,1.0,100.0,100.0,10.0,-30.0,20.0,1.2,0.0,100.0,100.0,100.0,0.5,0.5,100.0,20.0,1.2,100.0,100.0,0.5,0.5,0.5,0.5,0.5,0.5,0.5,0.5,0.5,0.5,0.5,0.5,0.5,0.5,0.5,0.5,0.5,0.5,0.5,0.5,0.5,0.5,0.5,0.5,0.5,0.5,0.5,0.5,0.5,0.5,0.5,0.5,0.5,0.5,0.5,0.5,0.5,0.5,0.5,0.5,0.5,0.5,0.5,0.5,0.5,0.5,0.5,0.5,0.5,0.5,0.5,0.5,0.5,0.5,0.5,0.5,0.5,0.5,0.5,0.5,0.5,0.5,0.5,0.5,0.5,0.5,0.5,0.5,0.5,0.5,0.5,0.5,0.5,0.5
27,iter_027_367f3e92_prompt.txt,1.0,2.0,50.0,100.0,44.0,34.0,34.0,17.0,24.0,45.0,2.0,27.0,198.0,100.0,100.0,100.0,0.5,100.0,1.1,-1.0,1.0,-1.0,1.0,100.0,100.0,10.0,-30.0,20.0,1.2,0.0,100.0,100.0,100.0,0.5,0.5,100.0,20.0,1.2,100.0,100.0,0.5,0.5,0.5,0.5,0.5,0.5,0.5,0.5,0.5,0.5,0.5,0.5,0.5,0.5,0.5,0.5,0.5,0.5,0.5,0.5,0.5,0.5,0.5,0.5,0.5,0.5,0.5,0.5,0.5,0.5,0.5,0.5,0.5,0.5,0.5,0.5,0.5,0.5,0.5,0.5,0.5,0.5,0.5,0.5,0.5,0.5,0.5,0.5,0.5,0.5,0.5,0.5,0.5,0.5,0.5,0.5,0.5,0.5,0.5,0.5
27,iter_027_367f3e92_response.txt,0.0,-100.0,-30.0,30.0,0.5,1.0,100.0,0.0,100.0,0.0,5.0,0.0,-100.0,10.0,-20.0,9.0,0.5,100.0,5.0,20.0,0.0,-100.0,-30.0,-30.0,2.0,0.525,2.0,0.1,0.5,1.1,0.1,0.1,5.0,100.0,10.0,100.0,100.0,100.0,100.0,100.0,100.0,100.0,0.5,100.0,1.1,-1.0,1.0,-1.0,1.0,100.0,100.0,10.0,-30.0,20.0,1.2,0.0,100.0,100.0,100.0,0.5,0.5,100.0,20.0,1.2,100.0,100.0,0.5,0.5,0.5,100.0,0.1,100.0,0.1,100.1,0.0,-100.0,0.0,-100.0,0.1,100.0,50.0,0.5,5.0,0.2,100.0,100.0,10.0,0.5,0.5,100.0,100.0,-30.0,-30.0,1.1,1.1,-1.0,-1.0,0.5,0.6,0.5
28,iter_028_a8ac4798_prompt.txt,1.0,2.0,50.0,100.0,42.0,36.0,22.0,17.0,32.0,49.0,2.0,28.0,198.0,100.0,0.0,-100.0,-30.0,30.0,0.5,1.0,100.0,0.0,100.0,0.0,5.0,0.0,-100.0,10.0,-20.0,9.0,0.5,100.0,5.0,20.0,0.0,-100.0,-30.0,-30.0,2.0,0.525,2.0,0.1,0.5,1.1,0.1,0.1,5.0,100.0,10.0,100.0,100.0,100.0,100.0,100.0,100.0,100.0,0.5,100.0,1.1,-1.0,1.0,-1.0,1.0,100.0,100.0,10.0,-30.0,20.0,1.2,0.0,100.0,100.0,100.0,0.5,0.5,100.0,20.0,1.2,100.0,100.0,0.5,0.5,0.5,100.0,0.1,100.0,0.1,100.1,0.0,-100.0,0.0,-100.0,0.1,100.0,50.0,0.5,5.0,0.2,100.0,100.0
28,iter_028_a8ac4798_response.txt,100.0,100.0,100.0,10.0,100.0,-100.0,100.0,10.0,0.5,-1.0,1.0,100.0,100.0,30.0,100.0,100.0,100.0,0.0,99.0,9.0,0.0,-100.0,-30.0,30.0,0.5,1.0,100.0,0.0,100.0,0.0,5.0,0.0,-100.0,10.0,-20.0,9.0,0.5,100.0,5.0,20.0,0.0,-100.0,-30.0,-30.0,2.0,0.525,2.0,0.1,0.5,1.1,0.1,0.1,5.0,100.0,10.0,100.0,100.0,100.0,100.0,100.0,100.0,100.0,0.5,100.0,1.1,-1.0,1.0,-1.0,1.0,100.0,100.0,10.0,-30.0,20.0,1.2,0.0,100.0,100.0,100.0,0.5,0.5,100.0,20.0,1.2,100.0,100.0,0.5,0.5,0.5,100.0,0.1,100.0,0.1,100.1,0.0,-100.0,0.0,-100.0,0.1,100.0
29,iter_029_74ee7b93_response.txt,100.0,-100.0,100.0,-100.0,100.0,1.1,100.0,100.0,10.0,100.0,100.0,100.0,100.0,0.5,100.0,100.0,100.0,100.0,100.0,-100.0,100.0,-100.0,50.0,100.0,50.0,-100.0,100.0,0.0,-49.0,100.0,50.0,-99.0,-100.0,100.0,100.0,100.0,100.0,100.0,100.0,100.0,100.0,100.0,100.0,100.0,100.0,100.0,100.0,100.0,100.0,100.0,100.0,100.0,100.0,100.0,100.0,100.0,100.0,100.0,100.0,100.0,100.0,100.0,100.0,100.0,100.0,100.0,100.0,100.0,100.0,100.0,100.0,100.0,100.0,100.0,100.0,100.0,100.0,100.0,100.0,100.0,100.0,100.0,100.0,100.0,100.0,100.0,100.0,100.0,100.0,100.0,100.0,100.0,100.0,100.0,100.0,100.0,100.0,100.0,100.0,100.0
29,iter_029_74ee7b93_prompt.txt,1.0,2.0,50.0,100.0,44.0,38.0,17.0,21.0,29.0,47.0,2.0,29.0,196.0,100.0,100.0,100.0,100.0,10.0,100.0,-100.0,100.0,10.0,0.5,-1.0,1.0,100.0,100.0,30.0,100.0,100.0,100.0,0.0,99.0,9.0,0.0,-100.0,-30.0,30.0,0.5,1.0,100.0,0.0,100.0,0.0,5.0,0.0,-100.0,10.0,-20.0,9.0,0.5,100.0,5.0,20.0,0.0,-100.0,-30.0,-30.0,2.0,0.525,2.0,0.1,0.5,1.1,0.1,0.1,5.0,100.0,10.0,100.0,100.0,100.0,100.0,100.0,100.0,100.0,0.5,100.0,1.1,-1.0,1.0,-1.0,1.0,100.0,100.0,10.0,-30.0,20.0,1.2,0.0,100.0,100.0,100.0,0.5,0.5,100.0,20.0,1.2,100.0,100.0
30,iter_030_2f573fec_response.txt,100.0,7.0,100.0,7.0,0.0,0.0,1.0,0.0,1.0,0.0,-100.0,2.0,100.0,100.0,100.0,100.0,100.0,-200.0,200.0,-150.0,150.0,100.0,0.0,99.0,5.0,2.0,100.0,5.0,99.0,5.0,0.0,5.0,5.0,2.0,100.0,99.0,0.0,99.0,2.0,0.5,-0.5,100.0,100.0,5.0,2.0,100.0,0.0,3.6,0.0,99.0,2.0,100.0,2.0,100.0,0.06283185307,0.06283185,0.06283,0.1,0.2,0.5,0.5,0.5,100.0,0.1,0.004,0.1,0.1,0.396,0.496,0.1,0.5,0.5,0.1,99.0,0.4,99.0,0.00404040404,0.1,0.00404040404,100.0,0.0,0.1,1.0,0.104040404,2.0,0.108080808,99.0,0.1,99.0,0.00404040404,0.1,0.4,0.5,0.00404040404,99.0,0.4,0.1,0.00404040404,100.0,6.0
30,iter_030_2f573fec_prompt.txt,1.0,2.0,50.0,100.0,50.0,34.0,16.0,19.0,33.0,45.0,2.0,30.0,197.0,100.0,100.0,-100.0,100.0,-100.0,100.0,1.1,100.0,100.0,10.0,100.0,100.0,100.0,100.0,0.5,100.0,100.0,100.0,100.0,100.0,-100.0,100.0,-100.0,50.0,100.0,50.0,-100.0,100.0,0.0,-49.0,100.0,50.0,-99.0,-100.0,100.0,100.0,100.0,100.0,100.0,100.0,100.0,100.0,100.0,100.0,100.0,100.0,100.0,100.0,100.0,100.0,100.0,100.0,100.0,100.0,100.0,100.0,100.0,100.0,100.0,100.0,100.0,100.0,100.0,100.0,100.0,100.0,100.0,100.0,100.0,100.0,100.0,100.0,100.0,100.0,100.0,100.0,100.0,100.0,100.0,100.0,100.0,100.0,100.0,100.0,100.0,100.0,100.0
31,iter_031_10c7682e_prompt.txt,1.0,2.0,50.0,100.0,44.0,38.0,23.0,20.0,29.0,44.0,2.0,31.0,198.0,100.0,100.0,7.0,100.0,7.0,0.0,0.0,1.0,0.0,1.0,0.0,-100.0,2.0,100.0,100.0,100.0,100.0,100.0,-200.0,200.0,-150.0,150.0,100.0,0.0,99.0,5.0,2.0,100.0,5.0,99.0,5.0,0.0,5.0,5.0,2.0,100.0,99.0,0.0,99.0,2.0,0.5,-0.5,100.0,100.0,5.0,2.0,100.0,0.0,3.6,0.0,99.0,2.0,100.0,2.0,100.0,0.06283185307,0.06283185,0.06283,0.1,0.2,0.5,0.5,0.5,100.0,0.1,0.004,0.1,0.1,0.396,0.496,0.1,0.5,0.5,0.1,99.0,0.4,99.0,0.00404040404,0.1,0.00404040404,100.0,0.0,0.1,1.0,0.104040404,2.0,0.108080808
31,iter_031_10c7682e_response.txt,100.0,100.0,0.0,100.0,120.0,10.0,-200.0,200.0,1.1,150.0,100.0,1.05,100.0,1.05,1.02,2.0,-200.0,200.0,100.0,100.0,100.0,1.0,0.5,0.5,0.5,0.5,0.5,0.5,0.5,0.5,0.5,0.5,0.5,0.5,0.5,0.5,0.5,0.5,0.5,0.5,0.5,0.5,0.5,0.5,0.5,0.5,0.5,0.5,0.5,0.5,0.5,0.5,0.5,0.5,0.5,0.5,0.5,0.5,0.5,0.5,0.5,0.5,0.5,0.5,0.5,0.5,0.5,0.5,0.5,0.5,0.5,0.5,0.5,0.5,0.5,0.5,0.5,0.5,0.5,0.5,0.5,0.5,0.5,0.5,0.5,0.5,0.5,0.5,0.5,0.5,0.5,0.5,0.5,0.5,0.5,0.5,0.5,0.5,0.5,0.5
32,iter_032_6ecfa05f_prompt.txt,1.0,2.0,50.0,100.0,42.0,34.0,31.0,18.0,30.0,42.0,2.0,32.0,197.0,100.0,100.0,100.0,0.0,100.0,120.0,10.0,-200.0,200.0,1.1,150.0,100.0,1.05,100.0,1.05,1.02,2.0,-200.0,200.0,100.0,100.0,100.0,1.0,0.5,0.5,0.5,0.5,0.5,0.5,0.5,0.5,0.5,0.5,0.5,0.5,0.5,0.5,0.5,0.5,0.5,0.5,0.5,0.5,0.5,0.5,0.5,0.5,0.5,0.5,0.5,0.5,0.5,0.5,0.5,0.5,0.5,0.5,0.5,0.5,0.5,0.5,0.5,0.5,0.5,0.5,0.5,0.5,0.5,0.5,0.5,0.5,0.5,0.5,0.5,0.5,0.5,0.5,0.5,0.5,0.5,0.5,0.5,0.5,0.5,0.5,0.5,0.5
32,iter_032_6ecfa05f_response.txt,100.0,100.0,0.0,-10.0,1.2,0.0,0.0,0.0,0.0,1.05,-200.0,200.0,200.0,1.05,100.0,100.0,1.05,100.0,100.0,5.0,200.0,100.0,100.0,0.0,100.0,0.0,100.0,0.0,-10.0,150.0,20.0,0.0,0.0,0.0,0.0,100.0,0.0,1.0,0.0,1.0,0.0,100.0,0.0,100.0,0.0,0.0,0.0,0.0,0.0,0.0,0.0,0.0,0.0,0.0,0.0,0.0,0.0,0.0,0.0,0.0,0.0,0.0,0.0,0.0,0.0,0.0,0.0,0.0,0.0,0.0,0.0,0.0,0.0,0.0,0.0,0.0,0.0,0.0,0.0,0.0,0.0,0.0,0.0,0.0,0.0,0.0,0.0,0.0,0.0,0.0,0.0,0.0,0.0,0.0,0.0,0.0,0.0,0.0,0.0,0.0
33,iter_033_8e33be40_prompt.txt,1.0,2.0,50.0,100.0,43.0,34.0,31.0,21.0,29.0,40.0,2.0,33.0,198.0,100.0,100.0,100.0,0.0,-10.0,1.2,0.0,0.0,0.0,0.0,1.05,-200.0,200.0,200.0,1.05,100.0,100.0,1.05,100.0,100.0,5.0,200.0,100.0,100.0,0.0,100.0,0.0,100.0,0.0,-10.0,150.0,20.0,0.0,0.0,0.0,0.0,100.0,0.0,1.0,0.0,1.0,0.0,100.0,0.0,100.0,0.0,0.0,0.0,0.0,0.0,0.0,0.0,0.0,0.0,0.0,0.0,0.0,0.0,0.0,0.0,0.0,0.0,0.0,0.0,0.0,0.0,0.0,0.0,0.0,0.0,0.0,0.0,0.0,0.0,0.0,0.0,0.0,0.0,0.0,0.0,0.0,0.0,0.0,0.0,0.0,0.0,0.0
33,iter_033_8e33be40_response.txt,100.0,6.0,100.0,100.0,-10.0,10.0,-10.0,10.0,100.0,0.5,10.0,10.0,-10.0,10.0,10.0,100.0,120.0,1.05,10.0,-10.0,10.0,0.5,0.1,2.0,100.0,100.0,100.0,100.0,100.0,100.0,100.0,100.0,100.0,100.0,100.0,100.0,100.0,100.0,100.0,100.0,100.0,100.0,100.0,100.0,100.0,100.0,100.0,100.0,100.0,100.0,100.0,100.0,100.0,100.0,100.0,100.0,100.0,100.0,100.0,100.0,100.0,100.0,100.0,100.0,100.0,100.0,100.0,100.0,100.0,100.0,100.0,100.0,100.0,100.0,100.0,100.0,100.0,100.0,100.0,100.0,100.0,100.0,100.0,100.0,100.0,100.0,100.0,100.0,100.0,100.0,100.0,100.0,100.0,100.0,100.0,100.0,100.0,100.0,100.0,100.0
34,iter_034_11907311_prompt.txt,1.0,2.0,50.0,100.0,43.0,34.0,18.0,22.0,31.0,46.0,2.0,34.0,194.0,100.0,100.0,6.0,100.0,100.0,-10.0,10.0,-10.0,10.0,100.0,0.5,10.0,10.0,-10.0,10.0,10.0,100.0,120.0,1.05,10.0,-10.0,10.0,0.5,0.1,2.0,100.0,100.0,100.0,100.0,100.0,100.0,100.0,100.0,100.0,100.0,100.0,100.0,100.0,100.0,100.0,100.0,100.0,100.0,100.0,100.0,100.0,100.0,100.0,100.0,100.0,100.0,100.0,100.0,100.0,100.0,100.0,100.0,100.0,100.0,100.0,100.0,100.0,100.0,100.0,100.0,100.0,100.0,100.0,100.0,100.0,100.0,100.0,100.0,100.0,100.0,100.0,100.0,100.0,100.0,100.0,100.0,100.0,100.0,100.0,100.0,100.0,100.0
34,iter_034_11907311_response.txt,100.0,100.0,100.0,100.0,100.0,100.0,100.0,6.0,100.0,100.0,100.0,100.0,100.0,0.0,100.0,120.0,100.0,6.0,100.0,100.0,-100.0,100.0,80.0,100.0,100.0,100.0,90.0,100.0,0.0,100.0,90.0,95.0,100.0,50.0,2.0,100.0,50.0,0.0,100.0,0.0,99.0,50.0,2.0,100.0,50.0,0.0,100.0,60.0,40.0,0.0,-100.0,100.0,50.0,2.0,100.0,50.0,100.0,0.0,0.0,0.0,50.0,1.0,2.0,100.0,0.0628319,0.0628319,0.0627905,50.0,0.0627905,50.0,53.139525,50.0,0.06279,3.1395,50.0,53.1395,2.0,0.1256637,0.125333,50.0,0.125333,50.0,56.26665,50.0,0.125333,6.26665,50.0,56.26665,3.0,0.1884956,0.187381,50.0,0.187381,50.0,59.36905,50.0,0.187381,9.36905,50.0,59.36905
35,iter_035_0d3ca25b_response.txt,100.0,0.0,1.0,100.0,100.0,-100.0,100.0,100.0,100.0,10.0,100.0,100.0,1.1,-100.0,1.1,100.0,100.0,100.0,100.0,100.0,100.0,100.0,100.0,100.0,100.0,100.0,100.0,100.0,100.0,100.0,100.0,100.0,100.0,100.0,100.0,100.0,100.0,100.0,100.0,100.0,100.0,100.0,100.0,100.0,100.0,100.0,100.0,100.0,100.0,100.0,100.0,100.0,100.0,100.0,100.0,100.0,100.0,100.0,100.0,100.0,100.0,100.0,100.0,100.0,100.0,100.0,100.0,100.0,100.0,100.0,100.0,100.0,100.0,100.0,100.0,100.0,100.0,100.0,100.0,100.0,100.0,100.0,100.0,100.0,100.0,100.0,100.0,100.0,100.0,100.0,100.0,100.0,100.0,100.0,100.0,100.0,100.0,100.0,100.0,100.0
35,iter_035_0d3ca25b_prompt.txt,1.0,2.0,50.0,100.0,42.0,36.0,28.0,20.0,34.0,38.0,2.0,35.0,198.0,100.0,100.0,100.0,100.0,100.0,100.0,100.0,100.0,6.0,100.0,100.0,100.0,100.0,100.0,0.0,100.0,120.0,100.0,6.0,100.0,100.0,-100.0,100.0,80.0,100.0,100.0,100.0,90.0,100.0,0.0,100.0,90.0,95.0,100.0,50.0,2.0,100.0,50.0,0.0,100.0,0.0,99.0,50.0,2.0,100.0,50.0,0.0,100.0,60.0,40.0,0.0,-100.0,100.0,50.0,2.0,100.0,50.0,100.0,0.0,0.0,0.0,50.0,1.0,2.0,100.0,0.0628319,0.0628319,0.0627905,50.0,0.0627905,50.0,53.139525,50.0,0.06279,3.1395,50.0,53.1395,2.0,0.1256637,0.125333,50.0,0.125333,50.0,56.26665,50.0,0.125333,6.26665
36,iter_036_a6923e52_prompt.txt,1.0,2.0,50.0,100.0,43.0,34.0,19.0,21.0,31.0,48.0,2.0,36.0,196.0,100.0,100.0,0.0,1.0,100.0,100.0,-100.0,100.0,100.0,100.0,10.0,100.0,100.0,1.1,-100.0,1.1,100.0,100.0,100.0,100.0,100.0,100.0,100.0,100.0,100.0,100.0,100.0,100.0,100.0,100.0,100.0,100.0,100.0,100.0,100.0,100.0,100.0,100.0,100.0,100.0,100.0,100.0,100.0,100.0,100.0,100.0,100.0,100.0,100.0,100.0,100.0,100.0,100.0,100.0,100.0,100.0,100.0,100.0,100.0,100.0,100.0,100.0,100.0,100.0,100.0,100.0,100.0,100.0,100.0,100.0,100.0,100.0,100.0,100.0,100.0,100.0,100.0,100.0,100.0,100.0,100.0,100.0,100.0,100.0,100.0,100.0,100.0
36,iter_036_a6923e52_response.txt,100.0,9.0,100.0,100.0,100.0,100.0,100.0,100.0,0.0,1.0,100.0,100.0,-100.0,100.0,100.0,9.0,100.0,0.0,-100.0,100.0,0.0,-100.0,100.0,100.0,3.0,100.0,5.0,-0.8,100.0,10.0,100.0,100.0,100.0,100.0,10.0,100.0,100.0,5.0,100.0,100.0,100.0,100.0,1.0,5.0,2.0,-0.8,3.0,3.6,4.0,2.9,5.0,0.8,6.0,-1.8,7.0,-1.2,8.0,-2.2,9.0,-1.7,10.0,5.8,11.0,-0.6,12.0,-0.5,13.0,4.5,14.0,-0.9,15.0,-0.9,16.0,-2.1,17.0,-2.9,18.0,-0.5,19.0,0.8,20.0,-0.2,21.0,3.5,22.0,-1.4,23.0,-2.4,24.0,0.8,25.0,-0.1,26.0,-1.0,27.0,-2.8,28.0,3.0,29.0,-0.8
37,iter_037_a9ce5022_prompt.txt,1.0,2.0,50.0,100.0,43.0,34.0,31.0,17.0,28.0,45.0,2.0,37.0,198.0,100.0,100.0,9.0,100.0,100.0,100.0,100.0,100.0,100.0,0.0,1.0,100.0,100.0,-100.0,100.0,100.0,9.0,100.0,0.0,-100.0,100.0,0.0,-100.0,100.0,100.0,3.0,100.0,5.0,-0.8,100.0,10.0,100.0,100.0,100.0,100.0,10.0,100.0,100.0,5.0,100.0,100.0,100.0,100.0,1.0,5.0,2.0,-0.8,3.0,3.6,4.0,2.9,5.0,0.8,6.0,-1.8,7.0,-1.2,8.0,-2.2,9.0,-1.7,10.0,5.8,11.0,-0.6,12.0,-0.5,13.0,4.5,14.0,-0.9,15.0,-0.9,16.0,-2.1,17.0,-2.9,18.0,-0.5,19.0,0.8,20.0,-0.2,21.0,3.5,22.0,-1.4
37,iter_037_a9ce5022_response.txt,100.0,100.0,100.0,0.5,0.5,0.0,0.5,-100.0,100.0,0.5,100.0,0.5,0.5,0.5,0.5,0.5,0.5,0.5,0.5,0.5,0.5,0.5,0.5,0.5,0.5,0.5,0.5,0.5,0.5,0.5,0.5,0.5,0.5,0.5,0.5,0.5,0.5,0.5,0.5,0.5,0.5,0.5,0.5,0.5,0.5,0.5,0.5,0.5,0.5,0.5,0.5,0.5,0.5,0.5,0.5,0.5,0.5,0.5,0.5,0.5,0.5,0.5,0.5,0.5,0.5,0.5,0.5,0.5,0.5,0.5,0.5,0.5,0.5,0.5,0.5,0.5,0.5,0.5,0.5,0.5,0.5,0.5,0.5,0.5,0.5,0.5,0.5,0.5,0.5,0.5,0.5,0.5,0.5,0.5,0.5,0.5,0.5,0.5,0.5,0.5
38,iter_038_a2cf3f14_prompt.txt,1.0,2.0,50.0,100.0,43.0,34.0,32.0,17.0,26.0,46.0,2.0,38.0,198.0,100.0,100.0,100.0,100.0,0.5,0.5,0.0,0.5,-100.0,100.0,0.5,100.0,0.5,0.5,0.5,0.5,0.5,0.5,0.5,0.5,0.5,0.5,0.5,0.5,0.5,0.5,0.5,0.5,0.5,0.5,0.5,0.5,0.5,0.5,0.5,0.5,0.5,0.5,0.5,0.5,0.5,0.5,0.5,0.5,0.5,0.5,0.5,0.5,0.5,0.5,0.5,0.5,0.5,0.5,0.5,0.5,0.5,0.5,0.5,0.5,0.5,0.5,0.5,0.5,0.5,0.5,0.5,0.5,0.5,0.5,0.5,0.5,0.5,0.5,0.5,0.5,0.5,0.5,0.5,0.5,0.5,0.5,0.5,0.5,0.5,0.5,0.5
38,iter_038_a2cf3f14_response.txt,100.0,100.0,0.0,99.0,0.0,0.0,0.0,0.0,0.0,0.0,0.0,0.0,0.0,0.0,0.0,0.0,0.0,0.0,0.0,0.0,0.0,0.0,0.0,0.0,0.0,0.0,0.0,0.0,0.0,0.0,0.0,0.0,0.0,0.0,0.0,0.0,0.0,0.0,0.0,0.0,0.0,0.0,0.0,0.0,0.0,0.0,0.0,0.0,0.0,0.0,0.0,0.0,0.0,0.0,0.0,0.0,0.0,0.0,0.0,0.0,0.0,0.0,0.0,0.0,0.0,0.0,0.0,0.0,0.0,0.0,0.0,0.0,0.0,0.0,0.0,0.0,0.0,0.0,0.0,0.0,0.0,0.0,0.0,0.0,0.0,0.0,0.0,0.0,0.0,0.0,0.0,0.0,0.0,0.0,0.0,0.0,0.0,0.0,0.0,0.0
39,iter_039_054d686c_prompt.txt,1.0,2.0,50.0,100.0,42.0,34.0,30.0,20.0,29.0,43.0,2.0,39.0,198.0,100.0,100.0,100.0,0.0,99.0,0.0,0.0,0.0,0.0,0.0,0.0,0.0,0.0,0.0,0.0,0.0,0.0,0.0,0.0,0.0,0.0,0.0,0.0,0.0,0.0,0.0,0.0,0.0,0.0,0.0,0.0,0.0,0.0,0.0,0.0,0.0,0.0,0.0,0.0,0.0,0.0,0.0,0.0,0.0,0.0,0.0,0.0,0.0,0.0,0.0,0.0,0.0,0.0,0.0,0.0,0.0,0.0,0.0,0.0,0.0,0.0,0.0,0.0,0.0,0.0,0.0,0.0,0.0,0.0,0.0,0.0,0.0,0.0,0.0,0.0,0.0,0.0,0.0,0.0,0.0,0.0,0.0,0.0,0.0,0.0,0.0,0.0
39,iter_039_054d686c_response.txt,100.0,0.5,1.0,0.0,-100.0,0.0,100.0,5.0,5.0,5.0,2.0,100.0,0.0,-10.0,100.0,5.0,0.0,100.0,5.0,5.0,5.0,5.0,5.0,5.0,5.0,5.0,5.0,5.0,5.0,5.0,5.0,5.0,5.0,5.0,5.0,5.0,5.0,5.0,5.0,5.0,5.0,5.0,5.0,5.0,5.0,5.0,5.0,5.0,5.0,5.0,5.0,5.0,5.0,5.0,5.0,5.0,5.0,5.0,5.0,5.0,5.0,5.0,5.0,5.0,5.0,5.0,5.0,5.0,5.0,5.0,5.0,5.0,5.0,5.0,5.0,5.0,5.0,5.0,5.0,5.0,5.0,5.0,5.0,5.0,5.0,5.0,5.0,5.0,5.0,5.0,5.0,5.0,5.0,5.0,5.0,5.0,5.0,5.0,5.0,5.0
0,2025-10-01 09:52:28,executed,65.370776,40.17725383333333,17.02500783333333,-7.718251500000002,-27.552257333333333,-45.77365879166667,-72.19100525000002,-96.88472233333333,-114.99670666666667,-124.30754075,-126.11332308333334,-117.55812604166665,-97.66729699999999,-75.28139145833332,-49.42862108333337,-21.819463624999948,0.7787166666666661,21.010032416666665,50.42727400000005,79.21258795833337,107.093159,124.40874000000001,122.21620758333331,101.14084100000001,77.724505,19.196539,20.15688025,17.20485875,1.4130381249999968,-34.88870266666667,-22.831490041666665,-24.705025000000003,-24.544808875,-15.105277666666668,0.2912057500000098,14.848748916666668,23.64230954166667,25.9339445,23.958873625,20.225116666666672,14.545474749999983,2.1341799999999997,-12.365962875,-20.136340250000007,-23.242744458333338,-22.277286,-13.18143487499999,1.004379083333352,12.972539124999994,17.655942
1,2025-10-01 09:52:28,executed,65.370776,40.17725383333333,17.02500783333333,-7.718251500000002,-27.552257333333333,-45.77365879166667,-72.19100525000002,-96.88472233333333,-114.99670666666667,-124.30754075,-126.11332308333334,-117.55812604166665,-97.66729699999999,-75.28139145833332,-49.42862108333337,-21.819463624999948,0.7787166666666661,21.010032416666665,50.42727400000005,79.21258795833337,107.093159,124.40874000000001,122.21620758333331,101.14084100000001,77.724505,19.196539,20.15688025,17.20485875,1.4130381249999968,-34.88870266666667,-22.831490041666665,-24.705025000000003,-24.544808875,-15.105277666666668,0.2912057500000098,14.848748916666668,23.64230954166667,25.9339445,23.958873625,20.225116666666672,14.545474749999983,2.1341799999999997,-12.365962875,-20.136340250000007,-23.242744458333338,-22.277286,-13.18143487499999,1.004379083333352,12.972539124999994,17.655942
1,2025-10-01 09:58:25,proposed,50.0,50.0,2.0,2.0,41.0,40.0,32.0,19.0,30.0,36.0,3.0,41.0,40.0,32.0,19.0,30.0,36.0,3.0,2.0,41.0,40.0,32.0,19.0,30.0,36.0,41.0,32.0,30.0,103.0,40.0,19.0,36.0,95.0,19.0,25.0,25.0,-1.0,1.0,124.0,0.9,5.0,25.0,1.0,65.370776,2.0,40.17725383333333,3.0,17.02500783333333,4.0,-7.7182515
2,2025-10-01 09:58:25,executed,50.0,50.0,2.0,2.0,41.0,40.0,32.0,19.0,30.0,36.0,3.0,41.0,40.0,32.0,19.0,30.0,36.0,3.0,2.0,41.0,40.0,32.0,19.0,30.0,36.0,41.0,32.0,30.0,103.0,40.0,19.0,36.0,95.0,19.0,25.0,25.0,-1.0,1.0,124.0,0.9,5.0,25.0,1.0,65.370776,2.0,40.17725383333333,3.0,17.02500783333333,4.0,-7.7182515
2,2025-10-01 10:01:26,proposed,44.0,34.0,24.0,18.0,32.0,46.0,44.0,34.0,24.0,18.0,32.0,46.0,25.0,25.0,25.0,25.0,50.0,50.0,2.0,2.0,41.0,40.0,32.0,19.0,30.0,36.0,3.0,41.0,40.0,32.0,19.0,30.0,36.0,3.0,2.0,41.0,40.0,32.0,19.0,30.0,36.0,25.0,0.0,-24.0,0.0,50.0,1.0,50.0,2.0,2.0
3,2025-10-01 10:01:26,executed,44.0,34.0,24.0,18.0,32.0,46.0,44.0,34.0,24.0,18.0,32.0,46.0,25.0,25.0,25.0,25.0,50.0,50.0,2.0,2.0,41.0,40.0,32.0,19.0,30.0,36.0,3.0,41.0,40.0,32.0,19.0,30.0,36.0,3.0,2.0,41.0,40.0,32.0,19.0,30.0,36.0,25.0,0.0,-24.0,0.0,50.0,1.0,50.0,2.0,2.0
3,2025-10-01 10:04:05,proposed,42.0,34.0,26.0,19.0,33.0,44.0,42.0,34.0,26.0,19.0,33.0,44.0,42.0,44.0,34.0,33.0,26.0,19.0,25.0,50.0,25.0,25.0,12.0,25.0,44.0,34.0,24.0,18.0,32.0,46.0,44.0,34.0,24.0,18.0,32.0,46.0,25.0,25.0,25.0,25.0,50.0,50.0,2.0,2.0,41.0,40.0,32.0,19.0,30.0,25.0
4,2025-10-01 10:04:05,executed,42.0,34.0,26.0,19.0,33.0,44.0,42.0,34.0,26.0,19.0,33.0,44.0,42.0,44.0,34.0,33.0,26.0,19.0,25.0,50.0,25.0,25.0,12.0,25.0,44.0,34.0,24.0,18.0,32.0,46.0,44.0,34.0,24.0,18.0,32.0,46.0,25.0,25.0,25.0,25.0,50.0,50.0,2.0,2.0,41.0,40.0,32.0,19.0,30.0,25.0
4,2025-10-01 10:06:41,proposed,42.0,34.0,24.0,18.0,31.0,49.0,42.0,34.0,24.0,18.0,31.0,49.0,42.0,49.0,25.0,25.0,10.0,25.0,42.0,34.0,26.0,19.0,33.0,44.0,42.0,34.0,26.0,19.0,33.0,44.0,42.0,44.0,34.0,33.0,26.0,19.0,25.0,50.0,25.0,25.0,12.0,25.0,44.0,25.0,34.0,24.0,18.0,32.0,46.0,44.0
5,2025-10-01 10:06:41,executed,42.0,34.0,24.0,18.0,31.0,49.0,42.0,34.0,24.0,18.0,31.0,49.0,42.0,49.0,25.0,25.0,10.0,25.0,42.0,34.0,26.0,19.0,33.0,44.0,42.0,34.0,26.0,19.0,33.0,44.0,42.0,44.0,34.0,33.0,26.0,19.0,25.0,50.0,25.0,25.0,12.0,25.0,44.0,25.0,34.0,24.0,18.0,32.0,46.0,44.0
5,2025-10-01 10:10:08,proposed,43.0,34.0,21.0,19.0,35.0,45.0,3.0,2.0,3.0,2.0,43.0,34.0,21.0,19.0,35.0,45.0,25.0,25.0,25.0,50.0,0.0,-24.0,25.0,-49.0,0.0,42.0,1.0,34.0,2.0,24.0,3.0,18.0,4.0,31.0,5.0,49.0,6.0,42.0,7.0,34.0,8.0,24.0,9.0,18.0,10.0,31.0,11.0,49.0,12.0,42.0
6,2025-10-01 10:10:09,executed,43.0,34.0,21.0,19.0,35.0,45.0,3.0,2.0,3.0,2.0,43.0,34.0,21.0,19.0,35.0,45.0,25.0,25.0,25.0,50.0,0.0,-24.0,25.0,-49.0,0.0,42.0,1.0,34.0,2.0,24.0,3.0,18.0,4.0,31.0,5.0,49.0,6.0,42.0,7.0,34.0,8.0,24.0,9.0,18.0,10.0,31.0,11.0,49.0,12.0,42.0
6,2025-10-01 10:13:23,proposed,50.0,42.0,34.0,20.0,20.0,37.0,45.0,42.0,34.0,20.0,20.0,37.0,45.0,45.0,42.0,25.0,25.0,25.0,6.0,43.0,34.0,21.0,19.0,35.0,45.0,3.0,2.0,3.0,2.0,43.0,45.0,42.0,0.0,43.0,0.0,0.0,25.0,0.0,0.0,50.0,0.0,43.0,1.0,34.0,2.0,21.0,3.0,19.0,4.0,35.0
7,2025-10-01 10:13:23,executed,50.0,42.0,34.0,20.0,20.0,37.0,45.0,42.0,34.0,20.0,20.0,37.0,45.0,45.0,42.0,25.0,25.0,25.0,6.0,43.0,34.0,21.0,19.0,35.0,45.0,3.0,2.0,3.0,2.0,43.0,45.0,42.0,0.0,43.0,0.0,0.0,25.0,0.0,0.0,50.0,0.0,43.0,1.0,34.0,2.0,21.0,3.0,19.0,4.0,35.0
7,2025-10-01 10:16:34,proposed,50.0,42.0,34.0,24.0,18.0,34.0,46.0,3.0,2.0,42.0,34.0,24.0,18.0,34.0,46.0,25.0,25.0,25.0,0.0,-24.0,50.0,42.0,34.0,20.0,20.0,37.0,45.0,42.0,34.0,20.0,20.0,37.0,45.0,45.0,42.0,25.0,25.0,25.0,6.0,43.0,34.0,21.0,19.0,35.0,45.0,0.0,-24.0,25.0,-49.0,3.0
8,2025-10-01 10:16:34,executed,50.0,42.0,34.0,24.0,18.0,34.0,46.0,3.0,2.0,42.0,34.0,24.0,18.0,34.0,46.0,25.0,25.0,25.0,0.0,-24.0,50.0,42.0,34.0,20.0,20.0,37.0,45.0,42.0,34.0,20.0,20.0,37.0,45.0,45.0,42.0,25.0,25.0,25.0,6.0,43.0,34.0,21.0,19.0,35.0,45.0,0.0,-24.0,25.0,-49.0,3.0
8,2025-10-01 10:20:22,proposed,42.0,34.0,24.0,17.0,36.0,45.0,42.0,34.0,24.0,17.0,36.0,45.0,25.0,45.0,34.0,42.0,36.0,50.0,50.0,42.0,34.0,20.0,20.0,37.0,45.0,42.0,34.0,20.0,20.0,37.0,45.0,45.0,42.0,25.0,25.0,25.0,6.0,43.0,34.0,21.0,19.0,35.0,45.0,3.0,2.0,3.0,2.0,43.0,45.0,42.0
9,2025-10-01 10:20:22,executed,42.0,34.0,24.0,17.0,36.0,45.0,42.0,34.0,24.0,17.0,36.0,45.0,25.0,45.0,34.0,42.0,36.0,50.0,50.0,42.0,34.0,20.0,20.0,37.0,45.0,42.0,34.0,20.0,20.0,37.0,45.0,45.0,42.0,25.0,25.0,25.0,6.0,43.0,34.0,21.0,19.0,35.0,45.0,3.0,2.0,3.0,2.0,43.0,45.0,42.0
9,2025-10-01 10:26:57,proposed,2.0,25.0,50.0,3.0,2.0,42.0,34.0,25.0,20.0,30.0,47.0,42.0,34.0,25.0,20.0,30.0,47.0,9.0,12.0,42.0,34.0,24.0,17.0,36.0,45.0,42.0,34.0,24.0,17.0,36.0,45.0,25.0,25.0,50.0,0.0,-24.0,25.0,-49.0,0.0,-24.0,0.0,42.0,1.0,34.0,2.0,24.0,3.0,17.0,4.0,36.0
10,2025-10-01 10:26:57,executed,2.0,25.0,50.0,3.0,2.0,42.0,34.0,25.0,20.0,30.0,47.0,42.0,34.0,25.0,20.0,30.0,47.0,9.0,12.0,42.0,34.0,24.0,17.0,36.0,45.0,42.0,34.0,24.0,17.0,36.0,45.0,25.0,25.0,50.0,0.0,-24.0,25.0,-49.0,0.0,-24.0,0.0,42.0,1.0,34.0,2.0,24.0,3.0,17.0,4.0,36.0
10,2025-10-01 10:31:08,proposed,42.0,34.0,26.0,21.0,28.0,47.0,42.0,34.0,26.0,21.0,28.0,47.0,25.0,2.0,25.0,50.0,3.0,2.0,42.0,34.0,25.0,20.0,30.0,47.0,42.0,34.0,25.0,20.0,30.0,47.0,9.0,12.0,42.0,34.0,24.0,17.0,36.0,45.0,42.0,34.0,24.0,17.0,36.0,45.0,25.0,25.0,50.0,0.0,-24.0,25.0
11,2025-10-01 10:31:08,executed,42.0,34.0,26.0,21.0,28.0,47.0,42.0,34.0,26.0,21.0,28.0,47.0,25.0,2.0,25.0,50.0,3.0,2.0,42.0,34.0,25.0,20.0,30.0,47.0,42.0,34.0,25.0,20.0,30.0,47.0,9.0,12.0,42.0,34.0,24.0,17.0,36.0,45.0,42.0,34.0,24.0,17.0,36.0,45.0,25.0,25.0,50.0,0.0,-24.0,25.0
11,2025-10-01 10:34:49,proposed,44.0,34.0,23.0,18.0,30.0,48.0,2.0,44.0,34.0,23.0,18.0,30.0,48.0,25.0,25.0,25.0,25.0,42.0,34.0,26.0,21.0,28.0,47.0,42.0,34.0,26.0,21.0,28.0,47.0,25.0,2.0,25.0,50.0,3.0,2.0,42.0,34.0,25.0,20.0,30.0,47.0,42.0,25.0,34.0,25.0,20.0,30.0,47.0,9.0,12.0
12,2025-10-01 10:34:49,executed,44.0,34.0,23.0,18.0,30.0,48.0,2.0,44.0,34.0,23.0,18.0,30.0,48.0,25.0,25.0,25.0,25.0,42.0,34.0,26.0,21.0,28.0,47.0,42.0,34.0,26.0,21.0,28.0,47.0,25.0,2.0,25.0,50.0,3.0,2.0,42.0,34.0,25.0,20.0,30.0,47.0,42.0,25.0,34.0,25.0,20.0,30.0,47.0,9.0,12.0
12,2025-10-01 10:40:21,proposed,42.0,34.0,23.0,18.0,31.0,50.0,3.0,2.0,42.0,34.0,23.0,18.0,31.0,50.0,50.0,42.0,25.0,50.0,25.0,25.0,44.0,34.0,23.0,18.0,30.0,48.0,2.0,44.0,34.0,23.0,18.0,30.0,48.0,25.0,25.0,25.0,25.0,42.0,34.0,26.0,21.0,28.0,47.0,42.0,34.0,26.0,21.0,28.0,47.0,25.0
13,2025-10-01 10:40:21,executed,42.0,34.0,23.0,18.0,31.0,50.0,3.0,2.0,42.0,34.0,23.0,18.0,31.0,50.0,50.0,42.0,25.0,50.0,25.0,25.0,44.0,34.0,23.0,18.0,30.0,48.0,2.0,44.0,34.0,23.0,18.0,30.0,48.0,25.0,25.0,25.0,25.0,42.0,34.0,26.0,21.0,28.0,47.0,42.0,34.0,26.0,21.0,28.0,47.0,25.0
13,2025-10-01 10:44:14,proposed,50.0,42.0,34.0,25.0,18.0,33.0,46.0,3.0,2.0,42.0,34.0,25.0,18.0,33.0,46.0,42.0,46.0,25.0,12.0,25.0,25.0,42.0,34.0,23.0,18.0,31.0,50.0,3.0,2.0,42.0,34.0,23.0,18.0,31.0,50.0,50.0,42.0,25.0,50.0,25.0,25.0,44.0,34.0,23.0,18.0,30.0,48.0,2.0,44.0,34.0
14,2025-10-01 10:44:14,executed,50.0,42.0,34.0,25.0,18.0,33.0,46.0,3.0,2.0,42.0,34.0,25.0,18.0,33.0,46.0,42.0,46.0,25.0,12.0,25.0,25.0,42.0,34.0,23.0,18.0,31.0,50.0,3.0,2.0,42.0,34.0,23.0,18.0,31.0,50.0,50.0,42.0,25.0,50.0,25.0,25.0,44.0,34.0,23.0,18.0,30.0,48.0,2.0,44.0,34.0
14,2025-10-01 10:49:09,proposed,50.0,50.0,42.0,34.0,23.0,19.0,31.0,48.0,42.0,34.0,23.0,19.0,31.0,48.0,48.0,42.0,25.0,50.0,42.0,34.0,5.0,50.0,42.0,34.0,25.0,18.0,33.0,46.0,3.0,2.0,42.0,34.0,25.0,18.0,33.0,46.0,42.0,46.0,25.0,12.0,25.0,25.0,42.0,34.0,23.0,18.0,31.0,50.0,3.0,2.0
15,2025-10-01 10:49:09,executed,50.0,50.0,42.0,34.0,23.0,19.0,31.0,48.0,42.0,34.0,23.0,19.0,31.0,48.0,48.0,42.0,25.0,50.0,42.0,34.0,5.0,50.0,42.0,34.0,25.0,18.0,33.0,46.0,3.0,2.0,42.0,34.0,25.0,18.0,33.0,46.0,42.0,46.0,25.0,12.0,25.0,25.0,42.0,34.0,23.0,18.0,31.0,50.0,3.0,2.0
15,2025-10-01 10:52:59,proposed,50.0,2.0,3.0,43.0,31.0,39.0,31.0,43.0,31.0,39.0,31.0,50.0,50.0,42.0,34.0,23.0,19.0,31.0,48.0,42.0,34.0,23.0,19.0,31.0,48.0,48.0,42.0,25.0,50.0,42.0,34.0,5.0,50.0,42.0,34.0,25.0,18.0,33.0,46.0,3.0,2.0,42.0,34.0,25.0,18.0,33.0,46.0,42.0,46.0,25.0
16,2025-10-01 10:52:59,executed,50.0,2.0,3.0,43.0,31.0,39.0,31.0,43.0,31.0,39.0,31.0,50.0,50.0,42.0,34.0,23.0,19.0,31.0,48.0,42.0,34.0,23.0,19.0,31.0,48.0,48.0,42.0,25.0,50.0,42.0,34.0,5.0,50.0,42.0,34.0,25.0,18.0,33.0,46.0,3.0,2.0,42.0,34.0,25.0,18.0,33.0,46.0,42.0,46.0,25.0
16,2025-10-01 10:56:50,proposed,49.0,50.0,2.0,3.0,43.0,48.0,48.0,50.0,2.0,3.0,43.0,31.0,39.0,31.0,43.0,31.0,39.0,31.0,50.0,50.0,42.0,34.0,23.0,19.0,31.0,48.0,42.0,34.0,23.0,19.0,31.0,48.0,48.0,42.0,25.0,50.0,42.0,34.0,5.0,50.0,42.0,34.0,25.0,18.0,33.0,46.0,3.0,2.0,42.0,34.0
17,2025-10-01 10:56:50,executed,49.0,50.0,2.0,3.0,43.0,48.0,48.0,50.0,2.0,3.0,43.0,31.0,39.0,31.0,43.0,31.0,39.0,31.0,50.0,50.0,42.0,34.0,23.0,19.0,31.0,48.0,42.0,34.0,23.0,19.0,31.0,48.0,48.0,42.0,25.0,50.0,42.0,34.0,5.0,50.0,42.0,34.0,25.0,18.0,33.0,46.0,3.0,2.0,42.0,34.0
17,2025-10-01 10:58:33,proposed,0.0,0.0,0.0,0.0,0.0,0.0,0.0,0.0,0.0,0.0,0.0,0.0,0.0,0.0,0.0,0.0,0.0,0.0,0.0,0.0,0.0,0.0,0.0,0.0,0.0,0.0,0.0,0.0,0.0,0.0,0.0,0.0,0.0,0.0,0.0,0.0,0.0,0.0,0.0,0.0,0.0,0.0,0.0,0.0,0.0,0.0,0.0,0.0,0.0,0.0
18,2025-10-01 10:58:33,executed,0.0,0.0,0.0,0.0,0.0,0.0,0.0,0.0,0.0,0.0,0.0,0.0,0.0,0.0,0.0,0.0,0.0,0.0,0.0,0.0,0.0,0.0,0.0,0.0,0.0,0.0,0.0,0.0,0.0,0.0,0.0,0.0,0.0,0.0,0.0,0.0,0.0,0.0,0.0,0.0,0.0,0.0,0.0,0.0,0.0,0.0,0.0,0.0,0.0,0.0
18,2025-10-01 11:00:19,proposed,1.2,1.2,1.2,1.2,1.2,1.2,1.2,1.2,1.2,1.2,1.2,1.2,1.2,1.2,1.2,1.2,1.2,1.2,1.2,1.2,1.2,1.2,1.2,1.2,1.2,1.2,1.2,1.2,1.2,1.2,1.2,1.2,1.2,1.2,1.2,1.2,1.2,1.2,1.2,1.2,1.2,1.2,1.2,1.2,1.2,1.2,1.2,1.2,1.2,1.2
19,2025-10-01 11:00:19,executed,1.2,1.2,1.2,1.2,1.2,1.2,1.2,1.2,1.2,1.2,1.2,1.2,1.2,1.2,1.2,1.2,1.2,1.2,1.2,1.2,1.2,1.2,1.2,1.2,1.2,1.2,1.2,1.2,1.2,1.2,1.2,1.2,1.2,1.2,1.2,1.2,1.2,1.2,1.2,1.2,1.2,1.2,1.2,1.2,1.2,1.2,1.2,1.2,1.2,1.2
0,2025-10-02 01:20:08,executed,65.370776,40.17725383333333,17.02500783333333,-7.718251500000002,-27.552257333333333,-45.77365879166667,-72.19100525000002,-96.88472233333333,-114.99670666666667,-124.30754075,-126.11332308333334,-117.55812604166665,-97.66729699999999,-75.28139145833332,-49.42862108333337,-21.819463624999948,0.7787166666666661,21.010032416666665,50.42727400000005,79.21258795833337,107.093159,124.40874000000001,122.21620758333331,101.14084100000001,77.724505,19.196539,20.15688025,17.20485875,1.4130381249999968,-34.88870266666667,-22.831490041666665,-24.705025000000003,-24.544808875,-15.105277666666668,0.2912057500000098,14.848748916666668,23.64230954166667,25.9339445,23.958873625,20.225116666666672,14.545474749999983,2.1341799999999997,-12.365962875,-20.136340250000007,-23.242744458333338,-22.277286,-13.18143487499999,1.004379083333352,12.972539124999994,17.655942
1,2025-10-02 01:20:08,executed,65.370776,40.17725383333333,17.02500783333333,-7.718251500000002,-27.552257333333333,-45.77365879166667,-72.19100525000002,-96.88472233333333,-114.99670666666667,-124.30754075,-126.11332308333334,-117.55812604166665,-97.66729699999999,-75.28139145833332,-49.42862108333337,-21.819463624999948,0.7787166666666661,21.010032416666665,50.42727400000005,79.21258795833337,107.093159,124.40874000000001,122.21620758333331,101.14084100000001,77.724505,19.196539,20.15688025,17.20485875,1.4130381249999968,-34.88870266666667,-22.831490041666665,-24.705025000000003,-24.544808875,-15.105277666666668,0.2912057500000098,14.848748916666668,23.64230954166667,25.9339445,23.958873625,20.225116666666672,14.545474749999983,2.1341799999999997,-12.365962875,-20.136340250000007,-23.242744458333338,-22.277286,-13.18143487499999,1.004379083333352,12.972539124999994,17.655942
1,2025-10-02 02:12:10,executed,65.370776,40.17725383333333,17.02500783333333,-7.718251500000002,-27.552257333333333,-45.77365879166667,-72.19100525000002,-96.88472233333333,-114.99670666666667,-124.30754075,-126.11332308333334,-117.55812604166665,-97.66729699999999,-75.28139145833332,-49.42862108333337,-21.819463624999948,0.7787166666666661,21.010032416666665,50.42727400000005,79.21258795833337,107.093159,124.40874000000001,122.21620758333331,101.14084100000001,77.724505,19.196539,20.15688025,17.20485875,1.4130381249999968,-34.88870266666667,-22.831490041666665,-24.705025000000003,-24.544808875,-15.105277666666668,0.2912057500000098,14.848748916666668,23.64230954166667,25.9339445,23.958873625,20.225116666666672,14.545474749999983,2.1341799999999997,-12.365962875,-20.136340250000007,-23.242744458333338,-22.277286,-13.18143487499999,1.004379083333352,12.972539124999994,17.655942
2,2025-10-02 02:12:27,executed,65.370776,40.17725383333333,17.02500783333333,-7.718251500000002,-27.552257333333333,-45.77365879166667,-72.19100525000002,-96.88472233333333,-114.99670666666667,-124.30754075,-126.11332308333334,-117.55812604166665,-97.66729699999999,-75.28139145833332,-49.42862108333337,-21.819463624999948,0.7787166666666661,21.010032416666665,50.42727400000005,79.21258795833337,107.093159,124.40874000000001,122.21620758333331,101.14084100000001,77.724505,19.196539,20.15688025,17.20485875,1.4130381249999968,-34.88870266666667,-22.831490041666665,-24.705025000000003,-24.544808875,-15.105277666666668,0.2912057500000098,14.848748916666668,23.64230954166667,25.9339445,23.958873625,20.225116666666672,14.545474749999983,2.1341799999999997,-12.365962875,-20.136340250000007,-23.242744458333338,-22.277286,-13.18143487499999,1.004379083333352,12.972539124999994,17.655942
0,2025-10-02 02:18:06,executed,65.370776,40.17725383333333,17.02500783333333,-7.718251500000002,-27.552257333333333,-45.77365879166667,-72.19100525000002,-96.88472233333333,-114.99670666666667,-124.30754075,-126.11332308333334,-117.55812604166665,-97.66729699999999,-75.28139145833332,-49.42862108333337,-21.819463624999948,0.7787166666666661,21.010032416666665,50.42727400000005,79.21258795833337,107.093159,124.40874000000001,122.21620758333331,101.14084100000001,77.724505,19.196539,20.15688025,17.20485875,1.4130381249999968,-34.88870266666667,-22.831490041666665,-24.705025000000003,-24.544808875,-15.105277666666668,0.2912057500000098,14.848748916666668,23.64230954166667,25.9339445,23.958873625,20.225116666666672,14.545474749999983,2.1341799999999997,-12.365962875,-20.136340250000007,-23.242744458333338,-22.277286,-13.18143487499999,1.004379083333352,12.972539124999994,17.655942
1,2025-10-02 02:18:07,executed,65.370776,40.17725383333333,17.02500783333333,-7.718251500000002,-27.552257333333333,-45.77365879166667,-72.19100525000002,-96.88472233333333,-114.99670666666667,-124.30754075,-126.11332308333334,-117.55812604166665,-97.66729699999999,-75.28139145833332,-49.42862108333337,-21.819463624999948,0.7787166666666661,21.010032416666665,50.42727400000005,79.21258795833337,107.093159,124.40874000000001,122.21620758333331,101.14084100000001,77.724505,19.196539,20.15688025,17.20485875,1.4130381249999968,-34.88870266666667,-22.831490041666665,-24.705025000000003,-24.544808875,-15.105277666666668,0.2912057500000098,14.848748916666668,23.64230954166667,25.9339445,23.958873625,20.225116666666672,14.545474749999983,2.1341799999999997,-12.365962875,-20.136340250000007,-23.242744458333338,-22.277286,-13.18143487499999,1.004379083333352,12.972539124999994,17.655942
2,2025-10-02 02:18:24,executed,65.370776,40.17725383333333,17.02500783333333,-7.718251500000002,-27.552257333333333,-45.77365879166667,-72.19100525000002,-96.88472233333333,-114.99670666666667,-124.30754075,-126.11332308333334,-117.55812604166665,-97.66729699999999,-75.28139145833332,-49.42862108333337,-21.819463624999948,0.7787166666666661,21.010032416666665,50.42727400000005,79.21258795833337,107.093159,124.40874000000001,122.21620758333331,101.14084100000001,77.724505,19.196539,20.15688025,17.20485875,1.4130381249999968,-34.88870266666667,-22.831490041666665,-24.705025000000003,-24.544808875,-15.105277666666668,0.2912057500000098,14.848748916666668,23.64230954166667,25.9339445,23.958873625,20.225116666666672,14.545474749999983,2.1341799999999997,-12.365962875,-20.136340250000007,-23.242744458333338,-22.277286,-13.18143487499999,1.004379083333352,12.972539124999994,17.655942
1,2025-10-02 02:19:00,executed,65.370776,40.17725383333333,17.02500783333333,-7.718251500000002,-27.552257333333333,-45.77365879166667,-72.19100525000002,-96.88472233333333,-114.99670666666667,-124.30754075,-126.11332308333334,-117.55812604166665,-97.66729699999999,-75.28139145833332,-49.42862108333337,-21.819463624999948,0.7787166666666661,21.010032416666665,50.42727400000005,79.21258795833337,107.093159,124.40874000000001,122.21620758333331,101.14084100000001,77.724505,19.196539,20.15688025,17.20485875,1.4130381249999968,-34.88870266666667,-22.831490041666665,-24.705025000000003,-24.544808875,-15.105277666666668,0.2912057500000098,14.848748916666668,23.64230954166667,25.9339445,23.958873625,20.225116666666672,14.545474749999983,2.1341799999999997,-12.365962875,-20.136340250000007,-23.242744458333338,-22.277286,-13.18143487499999,1.004379083333352,12.972539124999994,17.655942
2,2025-10-02 02:19:18,executed,65.370776,40.17725383333333,17.02500783333333,-7.718251500000002,-27.552257333333333,-45.77365879166667,-72.19100525000002,-96.88472233333333,-114.99670666666667,-124.30754075,-126.11332308333334,-117.55812604166665,-97.66729699999999,-75.28139145833332,-49.42862108333337,-21.819463624999948,0.7787166666666661,21.010032416666665,50.42727400000005,79.21258795833337,107.093159,124.40874000000001,122.21620758333331,101.14084100000001,77.724505,19.196539,20.15688025,17.20485875,1.4130381249999968,-34.88870266666667,-22.831490041666665,-24.705025000000003,-24.544808875,-15.105277666666668,0.2912057500000098,14.848748916666668,23.64230954166667,25.9339445,23.958873625,20.225116666666672,14.545474749999983,2.1341799999999997,-12.365962875,-20.136340250000007,-23.242744458333338,-22.277286,-13.18143487499999,1.004379083333352,12.972539124999994,17.655942
1,2025-10-02 09:36:34,executed,65.370776,40.17725383333333,17.02500783333333,-7.718251500000002,-27.552257333333333,-45.77365879166667,-72.19100525000002,-96.88472233333333,-114.99670666666667,-124.30754075,-126.11332308333334,-117.55812604166665,-97.66729699999999,-75.28139145833332,-49.42862108333337,-21.819463624999948,0.7787166666666661,21.010032416666665,50.42727400000005,79.21258795833337,107.093159,124.40874000000001,122.21620758333331,101.14084100000001,77.724505,19.196539,20.15688025,17.20485875,1.4130381249999968,-34.88870266666667,-22.831490041666665,-24.705025000000003,-24.544808875,-15.105277666666668,0.2912057500000098,14.848748916666668,23.64230954166667,25.9339445,23.958873625,20.225116666666672,14.545474749999983,2.1341799999999997,-12.365962875,-20.136340250000007,-23.242744458333338,-22.277286,-13.18143487499999,1.004379083333352,12.972539124999994,17.655942
1,2025-10-02 09:38:02,proposed,65.370776,40.17725383333333,17.02500783333333,-7.718251500000002,-27.552257333333333,-45.77365879166667,-72.19100525000002,-96.88472233333333,-114.99670666666667,-128.80754075,-131.11332308333334,-121.55812604166665,-97.66729699999999,-75.28139145833332,-49.42862108333337,-21.819463624999948,0.7787166666666661,21.010032416666665,50.42727400000005,79.21258795833337,107.093159,124.40874000000001,122.21620758333331,101.14084100000001,77.724505,19.196539,20.15688025,17.20485875,1.4130381249999968,-37.58870266666667,-24.631490041666666,-24.705025000000003,-24.544808875,-15.105277666666668,0.2912057500000098,14.848748916666668,25.44230954166667,27.9339445,25.758873625,20.225116666666672,14.545474749999983,2.1341799999999997,-12.365962875,-20.136340250000007,-23.242744458333338,-22.277286,-13.18143487499999,1.004379083333352,12.972539124999994,17.655942
2,2025-10-02 09:38:02,executed,65.370776,40.17725383333333,17.02500783333333,-7.718251500000002,-27.552257333333333,-45.77365879166667,-72.19100525000002,-96.88472233333333,-114.99670666666667,-128.80754075,-131.11332308333334,-121.55812604166665,-97.66729699999999,-75.28139145833332,-49.42862108333337,-21.819463624999948,0.7787166666666661,21.010032416666665,50.42727400000005,79.21258795833337,107.093159,124.40874000000001,122.21620758333331,101.14084100000001,77.724505,19.196539,20.15688025,17.20485875,1.4130381249999968,-37.58870266666667,-24.631490041666666,-24.705025000000003,-24.544808875,-15.105277666666668,0.2912057500000098,14.848748916666668,25.44230954166667,27.9339445,25.758873625,20.225116666666672,14.545474749999983,2.1341799999999997,-12.365962875,-20.136340250000007,-23.242744458333338,-22.277286,-13.18143487499999,1.004379083333352,12.972539124999994,17.655942
2,2025-10-02 09:39:04,proposed,65.370776,40.17725383333333,17.02500783333333,-7.718251500000002,-27.552257333333333,-45.77365879166667,-72.19100525000002,-96.88472233333333,-114.99670666666667,-128.80754075,-131.11332308333334,-121.55812604166665,-97.66729699999999,-75.28139145833332,-49.42862108333337,-21.819463624999948,0.7787166666666661,21.010032416666665,50.42727400000005,79.21258795833337,107.093159,124.40874000000001,122.21620758333331,101.14084100000001,77.724505,19.196539,20.15688025,17.20485875,1.4130381249999968,-40.58870266666667,-26.531490041666665,-26.605025,-24.544808875,-15.105277666666668,0.2912057500000098,14.848748916666668,27.44230954166667,30.1339445,27.758873625,20.225116666666672,14.545474749999983,2.1341799999999997,-12.365962875,-20.136340250000007,-25.04274445833334,-22.277286,-13.18143487499999,1.004379083333352,13.972539124999994,19.055942
3,2025-10-02 09:39:04,executed,65.370776,40.17725383333333,17.02500783333333,-7.718251500000002,-27.552257333333333,-45.77365879166667,-72.19100525000002,-96.88472233333333,-114.99670666666667,-128.80754075,-131.11332308333334,-121.55812604166665,-97.66729699999999,-75.28139145833332,-49.42862108333337,-21.819463624999948,0.7787166666666661,21.010032416666665,50.42727400000005,79.21258795833337,107.093159,124.40874000000001,122.21620758333331,101.14084100000001,77.724505,19.196539,20.15688025,17.20485875,1.4130381249999968,-40.58870266666667,-26.531490041666665,-26.605025,-24.544808875,-15.105277666666668,0.2912057500000098,14.848748916666668,27.44230954166667,30.1339445,27.758873625,20.225116666666672,14.545474749999983,2.1341799999999997,-12.365962875,-20.136340250000007,-25.04274445833334,-22.277286,-13.18143487499999,1.004379083333352,13.972539124999994,19.055942
3,2025-10-02 09:40:26,proposed,9.0,65.370776,40.17725383333333,17.02500783333333,-7.718251500000002,-27.552257333333333,-45.77365879166667,-72.19100525000002,-96.88472233333333,-114.99670666666667,-128.80754075,-131.11332308333334,-121.55812604166665,-97.66729699999999,-75.28139145833332,-49.42862108333337,-21.819463624999948,0.7787166666666661,21.010032416666665,50.42727400000005,79.21258795833337,107.093159,124.40874000000001,122.21620758333331,101.14084100000001,77.724505,19.196539,20.15688025,17.20485875,1.4130381249999968,-43.78870266666667,-28.631490041666666,-26.605025,-24.544808875,-15.105277666666668,0.2912057500000098,14.848748916666668,29.54230954166667,32.5339445,29.958873625,20.225116666666672,14.545474749999983,2.1341799999999997,-12.365962875,-21.73634025,-27.04274445833334,-22.277286,-13.18143487499999,1.004379083333352,15.072539124999993
4,2025-10-02 09:40:27,executed,9.0,65.370776,40.17725383333333,17.02500783333333,-7.718251500000002,-27.552257333333333,-45.77365879166667,-72.19100525000002,-96.88472233333333,-114.99670666666667,-128.80754075,-131.11332308333334,-121.55812604166665,-97.66729699999999,-75.28139145833332,-49.42862108333337,-21.819463624999948,0.7787166666666661,21.010032416666665,50.42727400000005,79.21258795833337,107.093159,124.40874000000001,122.21620758333331,101.14084100000001,77.724505,19.196539,20.15688025,17.20485875,1.4130381249999968,-43.78870266666667,-28.631490041666666,-26.605025,-24.544808875,-15.105277666666668,0.2912057500000098,14.848748916666668,29.54230954166667,32.5339445,29.958873625,20.225116666666672,14.545474749999983,2.1341799999999997,-12.365962875,-21.73634025,-27.04274445833334,-22.277286,-13.18143487499999,1.004379083333352,15.072539124999993
5,2025-10-02 09:40:48,executed,9.0,65.370776,40.17725383333333,17.02500783333333,-7.718251500000002,-27.552257333333333,-45.77365879166667,-72.19100525000002,-96.88472233333333,-114.99670666666667,-128.80754075,-131.11332308333334,-121.55812604166665,-97.66729699999999,-75.28139145833332,-49.42862108333337,-21.819463624999948,0.7787166666666661,21.010032416666665,50.42727400000005,79.21258795833337,107.093159,124.40874000000001,122.21620758333331,101.14084100000001,77.724505,19.196539,20.15688025,17.20485875,1.4130381249999968,-43.78870266666667,-28.631490041666666,-26.605025,-24.544808875,-15.105277666666668,0.2912057500000098,14.848748916666668,29.54230954166667,32.5339445,29.958873625,20.225116666666672,14.545474749999983,2.1341799999999997,-12.365962875,-21.73634025,-27.04274445833334,-22.277286,-13.18143487499999,1.004379083333352,15.072539124999993
6,2025-10-02 09:41:12,executed,9.0,65.370776,40.17725383333333,17.02500783333333,-7.718251500000002,-27.552257333333333,-45.77365879166667,-72.19100525000002,-96.88472233333333,-114.99670666666667,-128.80754075,-131.11332308333334,-121.55812604166665,-97.66729699999999,-75.28139145833332,-49.42862108333337,-21.819463624999948,0.7787166666666661,21.010032416666665,50.42727400000005,79.21258795833337,107.093159,124.40874000000001,122.21620758333331,101.14084100000001,77.724505,19.196539,20.15688025,17.20485875,1.4130381249999968,-43.78870266666667,-28.631490041666666,-26.605025,-24.544808875,-15.105277666666668,0.2912057500000098,14.848748916666668,29.54230954166667,32.5339445,29.958873625,20.225116666666672,14.545474749999983,2.1341799999999997,-12.365962875,-21.73634025,-27.04274445833334,-22.277286,-13.18143487499999,1.004379083333352,15.072539124999993
0,2025-10-02 09:53:45,executed,65.370776,40.17725383333333,17.02500783333333,-7.718251500000002,-27.552257333333333,-45.77365879166667,-72.19100525000002,-96.88472233333333,-114.99670666666667,-124.30754075,-126.11332308333334,-117.55812604166665,-97.66729699999999,-75.28139145833332,-49.42862108333337,-21.819463624999948,0.7787166666666661,21.010032416666665,50.42727400000005,79.21258795833337,107.093159,124.40874000000001,122.21620758333331,101.14084100000001,77.724505,19.196539,20.15688025,17.20485875,1.4130381249999968,-34.88870266666667,-22.831490041666665,-24.705025000000003,-24.544808875,-15.105277666666668,0.2912057500000098,14.848748916666668,23.64230954166667,25.9339445,23.958873625,20.225116666666672,14.545474749999983,2.1341799999999997,-12.365962875,-20.136340250000007,-23.242744458333338,-22.277286,-13.18143487499999,1.004379083333352,12.972539124999994,17.655942
1,2025-10-02 09:53:46,executed,65.370776,40.17725383333333,17.02500783333333,-7.718251500000002,-27.552257333333333,-45.77365879166667,-72.19100525000002,-96.88472233333333,-114.99670666666667,-124.30754075,-126.11332308333334,-117.55812604166665,-97.66729699999999,-75.28139145833332,-49.42862108333337,-21.819463624999948,0.7787166666666661,21.010032416666665,50.42727400000005,79.21258795833337,107.093159,124.40874000000001,122.21620758333331,101.14084100000001,77.724505,19.196539,20.15688025,17.20485875,1.4130381249999968,-34.88870266666667,-22.831490041666665,-24.705025000000003,-24.544808875,-15.105277666666668,0.2912057500000098,14.848748916666668,23.64230954166667,25.9339445,23.958873625,20.225116666666672,14.545474749999983,2.1341799999999997,-12.365962875,-20.136340250000007,-23.242744458333338,-22.277286,-13.18143487499999,1.004379083333352,12.972539124999994,17.655942
1,2025-10-02 09:54:40,proposed,65.370776,40.17725383333333,17.02500783333333,-7.718251500000002,-27.552257333333333,-45.77365879166667,-72.19100525000002,-96.88472233333333,-114.99670666666667,-129.30754075,-131.11332308333334,-117.55812604166665,-97.66729699999999,-75.28139145833332,-49.42862108333337,-21.819463624999948,0.7787166666666661,21.010032416666665,50.42727400000005,79.21258795833337,112.093159,129.40874000000002,122.21620758333331,101.14084100000001,77.724505,19.196539,21.75688025,17.20485875,1.4130381249999968,-37.58870266666667,-22.831490041666665,-24.705025000000003,-24.544808875,-15.105277666666668,0.2912057500000098,14.848748916666668,23.64230954166667,25.9339445,27.9339445,25.858873625,14.545474749999983,2.1341799999999997,-12.365962875,-20.136340250000007,-25.04274445833334,-23.977286,-13.18143487499999,1.004379083333352,12.972539124999994,17.655942
2,2025-10-02 09:54:40,executed,65.370776,40.17725383333333,17.02500783333333,-7.718251500000002,-27.552257333333333,-45.77365879166667,-72.19100525000002,-96.88472233333333,-114.99670666666667,-129.30754075,-131.11332308333334,-117.55812604166665,-97.66729699999999,-75.28139145833332,-49.42862108333337,-21.819463624999948,0.7787166666666661,21.010032416666665,50.42727400000005,79.21258795833337,112.093159,129.40874000000002,122.21620758333331,101.14084100000001,77.724505,19.196539,21.75688025,17.20485875,1.4130381249999968,-37.58870266666667,-22.831490041666665,-24.705025000000003,-24.544808875,-15.105277666666668,0.2912057500000098,14.848748916666668,23.64230954166667,25.9339445,27.9339445,25.858873625,14.545474749999983,2.1341799999999997,-12.365962875,-20.136340250000007,-25.04274445833334,-23.977286,-13.18143487499999,1.004379083333352,12.972539124999994,17.655942
2,2025-10-02 09:55:47,proposed,70.370776,40.17725383333333,17.02500783333333,-7.718251500000002,-27.552257333333333,-45.77365879166667,-72.19100525000002,-96.88472233333333,-119.99670666666667,-134.30754075,-136.11332308333334,-122.55812604166665,-97.66729699999999,-75.28139145833332,-49.42862108333337,-21.819463624999948,0.7787166666666661,21.010032416666665,50.42727400000005,79.21258795833337,117.093159,134.40874000000002,122.21620758333331,101.14084100000001,77.724505,19.196539,23.45688025,17.20485875,1.4130381249999968,-40.58870266666667,-22.831490041666665,-24.705025000000003,-24.544808875,-15.105277666666668,0.2912057500000098,14.848748916666668,23.64230954166667,27.9339445,30.1339445,30.1339445,14.545474749999983,2.1341799999999997,-12.365962875,-20.136340250000007,-25.04274445833334,-23.977286,-13.18143487499999,1.004379083333352,12.972539124999994,17.655942
3,2025-10-02 09:55:47,executed,70.370776,40.17725383333333,17.02500783333333,-7.718251500000002,-27.552257333333333,-45.77365879166667,-72.19100525000002,-96.88472233333333,-119.99670666666667,-134.30754075,-136.11332308333334,-122.55812604166665,-97.66729699999999,-75.28139145833332,-49.42862108333337,-21.819463624999948,0.7787166666666661,21.010032416666665,50.42727400000005,79.21258795833337,117.093159,134.40874000000002,122.21620758333331,101.14084100000001,77.724505,19.196539,23.45688025,17.20485875,1.4130381249999968,-40.58870266666667,-22.831490041666665,-24.705025000000003,-24.544808875,-15.105277666666668,0.2912057500000098,14.848748916666668,23.64230954166667,27.9339445,30.1339445,30.1339445,14.545474749999983,2.1341799999999997,-12.365962875,-20.136340250000007,-25.04274445833334,-23.977286,-13.18143487499999,1.004379083333352,12.972539124999994,17.655942
3,2025-10-02 09:56:55,proposed,70.370776,40.17725383333333,17.02500783333333,-7.718251500000002,-27.552257333333333,-45.77365879166667,-72.19100525000002,-96.88472233333333,-119.99670666666667,-134.30754075,-136.11332308333334,-122.55812604166665,-97.66729699999999,-75.28139145833332,-49.42862108333337,-21.819463624999948,0.7787166666666661,21.010032416666665,50.42727400000005,79.21258795833337,117.093159,134.40874000000002,122.21620758333331,101.14084100000001,77.724505,19.196539,24.95688025,17.20485875,1.4130381249999968,-43.58870266666667,-22.831490041666665,-26.205025000000003,-26.044808875,-15.105277666666668,0.2912057500000098,14.848748916666668,25.14230954166667,29.9339445,32.1339445,32.1339445,14.545474749999983,2.1341799999999997,-12.365962875,-21.136340250000007,-27.04274445833334,-25.477286,-13.18143487499999,1.004379083333352,12.972539124999994,18.655942
4,2025-10-02 09:56:55,executed,70.370776,40.17725383333333,17.02500783333333,-7.718251500000002,-27.552257333333333,-45.77365879166667,-72.19100525000002,-96.88472233333333,-119.99670666666667,-134.30754075,-136.11332308333334,-122.55812604166665,-97.66729699999999,-75.28139145833332,-49.42862108333337,-21.819463624999948,0.7787166666666661,21.010032416666665,50.42727400000005,79.21258795833337,117.093159,134.40874000000002,122.21620758333331,101.14084100000001,77.724505,19.196539,24.95688025,17.20485875,1.4130381249999968,-43.58870266666667,-22.831490041666665,-26.205025000000003,-26.044808875,-15.105277666666668,0.2912057500000098,14.848748916666668,25.14230954166667,29.9339445,32.1339445,32.1339445,14.545474749999983,2.1341799999999997,-12.365962875,-21.136340250000007,-27.04274445833334,-25.477286,-13.18143487499999,1.004379083333352,12.972539124999994,18.655942
4,2025-10-02 09:57:53,proposed,70.370776,40.17725383333333,17.02500783333333,-7.718251500000002,-27.552257333333333,-45.77365879166667,-72.19100525000002,-96.88472233333333,-119.99670666666667,-138.30754075,-140.11332308333334,-122.55812604166665,-97.66729699999999,-75.28139145833332,-49.42862108333337,-21.819463624999948,0.7787166666666661,21.010032416666665,50.42727400000005,79.21258795833337,121.093159,138.40874,122.21620758333331,101.14084100000001,77.724505,19.196539,24.95688025,17.20485875,1.4130381249999968,-46.08870266666667,-22.831490041666665,-26.205025000000003,-26.044808875,-15.105277666666668,0.2912057500000098,14.848748916666668,27.04230954166667,31.9339445,34.6339445,34.6339445,14.545474749999983,2.1341799999999997,-12.365962875,-21.136340250000007,-29.04274445833334,-25.477286,-13.18143487499999,1.004379083333352,12.972539124999994,18.655942
5,2025-10-02 09:57:53,executed,70.370776,40.17725383333333,17.02500783333333,-7.718251500000002,-27.552257333333333,-45.77365879166667,-72.19100525000002,-96.88472233333333,-119.99670666666667,-138.30754075,-140.11332308333334,-122.55812604166665,-97.66729699999999,-75.28139145833332,-49.42862108333337,-21.819463624999948,0.7787166666666661,21.010032416666665,50.42727400000005,79.21258795833337,121.093159,138.40874,122.21620758333331,101.14084100000001,77.724505,19.196539,24.95688025,17.20485875,1.4130381249999968,-46.08870266666667,-22.831490041666665,-26.205025000000003,-26.044808875,-15.105277666666668,0.2912057500000098,14.848748916666668,27.04230954166667,31.9339445,34.6339445,34.6339445,14.545474749999983,2.1341799999999997,-12.365962875,-21.136340250000007,-29.04274445833334,-25.477286,-13.18143487499999,1.004379083333352,12.972539124999994,18.655942
5,2025-10-02 09:59:13,proposed,70.370776,40.17725383333333,17.02500783333333,-7.718251500000002,-27.552257333333333,-45.77365879166667,-72.19100525000002,-96.88472233333333,-119.99670666666667,-141.30754075,-143.11332308333334,-122.55812604166665,-97.66729699999999,-75.28139145833332,-49.42862108333337,-21.819463624999948,0.7787166666666661,21.010032416666665,50.42727400000005,79.21258795833337,124.093159,141.40874,122.21620758333331,101.14084100000001,77.724505,19.196539,24.95688025,17.20485875,1.4130381249999968,-49.58870266666667,-22.831490041666665,-26.205025000000003,-26.044808875,-15.105277666666668,0.2912057500000098,14.848748916666668,29.04230954166667,34.4339445,37.3339445,37.3339445,14.545474749999983,2.1341799999999997,-12.365962875,-21.136340250000007,-29.04274445833334,-25.477286,-13.18143487499999,1.004379083333352,12.972539124999994,18.655942
6,2025-10-02 09:59:13,executed,70.370776,40.17725383333333,17.02500783333333,-7.718251500000002,-27.552257333333333,-45.77365879166667,-72.19100525000002,-96.88472233333333,-119.99670666666667,-141.30754075,-143.11332308333334,-122.55812604166665,-97.66729699999999,-75.28139145833332,-49.42862108333337,-21.819463624999948,0.7787166666666661,21.010032416666665,50.42727400000005,79.21258795833337,124.093159,141.40874,122.21620758333331,101.14084100000001,77.724505,19.196539,24.95688025,17.20485875,1.4130381249999968,-49.58870266666667,-22.831490041666665,-26.205025000000003,-26.044808875,-15.105277666666668,0.2912057500000098,14.848748916666668,29.04230954166667,34.4339445,37.3339445,37.3339445,14.545474749999983,2.1341799999999997,-12.365962875,-21.136340250000007,-29.04274445833334,-25.477286,-13.18143487499999,1.004379083333352,12.972539124999994,18.655942
6,2025-10-02 10:00:50,proposed,70.370776,40.17725383333333,17.02500783333333,-7.718251500000002,-27.552257333333333,-45.77365879166667,-72.19100525000002,-96.88472233333333,-119.99670666666667,-146.30754075,-148.11332308333334,-122.55812604166665,-97.66729699999999,-75.28139145833332,-49.42862108333337,-21.819463624999948,0.7787166666666661,22.690832416666666,50.42727400000005,79.21258795833337,129.093159,146.40874,122.21620758333331,101.14084100000001,77.724505,19.196539,26.95338025,17.20485875,1.4130381249999968,-53.55570266666667,-22.831490041666665,-26.205025000000003,-26.044808875,-15.105277666666668,0.2912057500000098,14.848748916666668,31.36560954166667,37.1886445,40.3206445,40.3206445,14.545474749999983,2.1341799999999997,-12.365962875,-21.136340250000007,-31.36614445833334,-25.477286,-13.18143487499999,1.004379083333352,12.972539124999994,18.655942
7,2025-10-02 10:00:50,executed,70.370776,40.17725383333333,17.02500783333333,-7.718251500000002,-27.552257333333333,-45.77365879166667,-72.19100525000002,-96.88472233333333,-119.99670666666667,-146.30754075,-148.11332308333334,-122.55812604166665,-97.66729699999999,-75.28139145833332,-49.42862108333337,-21.819463624999948,0.7787166666666661,22.690832416666666,50.42727400000005,79.21258795833337,129.093159,146.40874,122.21620758333331,101.14084100000001,77.724505,19.196539,26.95338025,17.20485875,1.4130381249999968,-53.55570266666667,-22.831490041666665,-26.205025000000003,-26.044808875,-15.105277666666668,0.2912057500000098,14.848748916666668,31.36560954166667,37.1886445,40.3206445,40.3206445,14.545474749999983,2.1341799999999997,-12.365962875,-21.136340250000007,-31.36614445833334,-25.477286,-13.18143487499999,1.004379083333352,12.972539124999994,18.655942
7,2025-10-02 10:02:04,proposed,70.370776,40.17725383333333,17.02500783333333,-7.718251500000002,-27.552257333333333,-45.77365879166667,-72.19100525000002,-96.88472233333333,-119.99670666666667,-149.30754075,-151.11332308333334,-122.55812604166665,-97.66729699999999,-75.28139145833332,-49.42862108333337,-21.819463624999948,0.7787166666666661,22.690832416666666,50.42727400000005,79.21258795833337,132.093159,149.40874,122.21620758333331,101.14084100000001,77.724505,19.196539,26.95338025,17.20485875,1.4130381249999968,-57.55570266666667,-22.831490041666665,-26.205025000000003,-26.044808875,-15.105277666666668,0.2912057500000098,14.848748916666668,31.36560954166667,39.6886445,42.8206445,42.8206445,42.8206445,2.1341799999999997,-12.365962875,-21.136340250000007,-33.36614445833334,-25.477286,-13.18143487499999,1.004379083333352,12.972539124999994,18.655942
8,2025-10-02 10:02:04,executed,70.370776,40.17725383333333,17.02500783333333,-7.718251500000002,-27.552257333333333,-45.77365879166667,-72.19100525000002,-96.88472233333333,-119.99670666666667,-149.30754075,-151.11332308333334,-122.55812604166665,-97.66729699999999,-75.28139145833332,-49.42862108333337,-21.819463624999948,0.7787166666666661,22.690832416666666,50.42727400000005,79.21258795833337,132.093159,149.40874,122.21620758333331,101.14084100000001,77.724505,19.196539,26.95338025,17.20485875,1.4130381249999968,-57.55570266666667,-22.831490041666665,-26.205025000000003,-26.044808875,-15.105277666666668,0.2912057500000098,14.848748916666668,31.36560954166667,39.6886445,42.8206445,42.8206445,42.8206445,2.1341799999999997,-12.365962875,-21.136340250000007,-33.36614445833334,-25.477286,-13.18143487499999,1.004379083333352,12.972539124999994,18.655942
