iter,timestamp,tag,w0,w1,w2,w3,w4,w5,w6,w7,w8,w9,w10,w11,w12,w13,w14,w15,w16,w17,w18,w19,w20,w21,w22,w23,w24,w25,w26,w27,w28,w29,w30,w31,w32,w33,w34,w35,w36,w37,w38,w39,w40,w41,w42,w43,w44,w45,w46,w47,w48,w49
0,2025-10-12 11:32:29,executed,84.993855,54.66914104166666,31.639819249999995,9.947178874999997,-25.081141166666665,-37.775516375,-79.14101125,-121.91540529166666,-152.79776633333333,-168.43753125,-171.14980191666666,-144.37715395833328,-100.78852900000001,-61.08470562499997,-27.206839583333373,1.0728962500000545,28.717259999999996,64.12861333333333,106.51246925000005,142.19847766666672,164.04110816666667,172.245998375,162.70407816666665,134.03044945833335,100.117687,34.254739,24.415438,10.455457999999998,-15.062408000000005,-60.200826,-39.21952579166667,-39.28363775,-38.393947375,-26.586801666666666,-4.935136124999983,19.067695416666666,33.35365620833334,33.9916915,25.69358674999999,13.144849000000018,-0.05908537500002797,-15.457855666666667,-29.508288916666665,-34.886204750000005,-31.100460291666657,-15.298471333333334,7.441406375000016,30.528961166666697,40.29456291666666,37.560793
1,2025-10-12 11:32:29,executed,84.993855,54.66914104166666,31.639819249999995,9.947178874999997,-25.081141166666665,-37.775516375,-79.14101125,-121.91540529166666,-152.79776633333333,-168.43753125,-171.14980191666666,-144.37715395833328,-100.78852900000001,-61.08470562499997,-27.206839583333373,1.0728962500000545,28.717259999999996,64.12861333333333,106.51246925000005,142.19847766666672,164.04110816666667,172.245998375,162.70407816666665,134.03044945833335,100.117687,34.254739,24.415438,10.455457999999998,-15.062408000000005,-60.200826,-39.21952579166667,-39.28363775,-38.393947375,-26.586801666666666,-4.935136124999983,19.067695416666666,33.35365620833334,33.9916915,25.69358674999999,13.144849000000018,-0.05908537500002797,-15.457855666666667,-29.508288916666665,-34.886204750000005,-31.100460291666657,-15.298471333333334,7.441406375000016,30.528961166666697,40.29456291666666,37.560793
1,2025-10-12 11:32:48,proposed,42.4969275,27.065818041666667,15.48508275,3.736751375,-12.905511666666666,-20.622792874999988,-42.35933525,-63.67817929166665,-78.00904083333332,-85.24963875,-84.48690241666667,-67.32084895833334,-45.410941,-25.473807375000032,-9.43668791666668,4.692194625,19.521303833333302,39.38735904166661,60.325286,76.1691740833333,84.51615,85.0918315,75.92321808333335,58.77603287500002,9.59826975,10.0778755,9.605220541666666,5.910295500000002,-10.71457375,-14.713140166666669,-11.429310541666664,-12.779856500000001,-9.854142333333339,-2.541067500000007,5.260406874999999,10.884147249999996,12.966704916666664,12.4322455,10.590591333333338,8.173131833333336,2.62121125,-5.041988999999989,-9.60504029166666,-11.516376750000001,-11.290276500000003,-7.226770666666678,-0.07458137499999973,6.169468249999991,8.758400749999998,8.3892785
2,2025-10-12 11:33:28,executed,42.4969275,27.065818041666667,15.48508275,3.736751375,-12.905511666666666,-20.622792874999988,-42.35933525,-63.67817929166665,-78.00904083333332,-85.24963875,-84.48690241666667,-67.32084895833334,-45.410941,-25.473807375000032,-9.43668791666668,4.692194625,19.521303833333302,39.38735904166661,60.325286,76.1691740833333,84.51615,85.0918315,75.92321808333335,58.77603287500002,9.59826975,10.0778755,9.605220541666666,5.910295500000002,-10.71457375,-14.713140166666669,-11.429310541666664,-12.779856500000001,-9.854142333333339,-2.541067500000007,5.260406874999999,10.884147249999996,12.966704916666664,12.4322455,10.590591333333338,8.173131833333336,2.62121125,-5.041988999999989,-9.60504029166666,-11.516376750000001,-11.290276500000003,-7.226770666666678,-0.07458137499999973,6.169468249999991,8.758400749999998,8.3892785
2,2025-10-12 11:35:31,proposed,-74.993855,-59.885069,-45.206646,-32.306527,-22.309473,-14.273628,-2.420855,17.368554,34.351259,38.730552,44.305447,60.96178,83.563352,105.873989,126.474452,145.129149,159.577451,169.238397,176.375785,181.873775,183.325799,178.103406,164.11261,142.871615,120.755176,100.821882,81.419665,62.33974,45.634237,31.18727,17.303905,-6.098977,-19.240626,-33.455577,-50.216669,-69.857061,-91.259438,-111.596813,-129.704331,-145.486411,-157.232589,-165.402812,-170.847044,-172.445849,-169.429601,-162.092667,-149.79719,-133.344939,-116.11635,-100.117687
3,2025-10-12 11:36:11,executed,-74.993855,-59.885069,-45.206646,-32.306527,-22.309473,-14.273628,-2.420855,17.368554,34.351259,38.730552,44.305447,60.96178,83.563352,105.873989,126.474452,145.129149,159.577451,169.238397,176.375785,181.873775,183.325799,178.103406,164.11261,142.871615,120.755176,100.821882,81.419665,62.33974,45.634237,31.18727,17.303905,-6.098977,-19.240626,-33.455577,-50.216669,-69.857061,-91.259438,-111.596813,-129.704331,-145.486411,-157.232589,-165.402812,-170.847044,-172.445849,-169.429601,-162.092667,-149.79719,-133.344939,-116.11635,-100.117687
3,2025-10-12 11:36:40,proposed,-74.993855,-59.885069,-45.206646,-32.306527,-22.309473,-14.273628,-2.420855,17.368554,34.351259,38.730552,44.305447,60.96178,83.563352,105.873989,126.474452,145.129149,159.577451,169.238397,176.375785,181.873775,183.325799,178.103406,164.11261,142.871615,120.755176,100.821882,81.419665,62.33974,45.634237,31.18727,17.303905,-6.098977,-19.240626,-33.455577,-50.216669,-69.857061,-91.259438,-111.596813,-129.704331,-145.486411,-157.232589,-165.402812,-170.847044,-172.445849,-169.429601,-162.092667,-149.79719,-133.344939,-116.11635,-100.117687
4,2025-10-12 11:37:20,executed,-74.993855,-59.885069,-45.206646,-32.306527,-22.309473,-14.273628,-2.420855,17.368554,34.351259,38.730552,44.305447,60.96178,83.563352,105.873989,126.474452,145.129149,159.577451,169.238397,176.375785,181.873775,183.325799,178.103406,164.11261,142.871615,120.755176,100.821882,81.419665,62.33974,45.634237,31.18727,17.303905,-6.098977,-19.240626,-33.455577,-50.216669,-69.857061,-91.259438,-111.596813,-129.704331,-145.486411,-157.232589,-165.402812,-170.847044,-172.445849,-169.429601,-162.092667,-149.79719,-133.344939,-116.11635,-100.117687
4,2025-10-12 11:41:11,proposed,74.993855,59.885069,45.206646,32.306527,22.309473,14.273628,2.420855,-17.368554,-34.351259,-38.730552,-44.305447,-60.96178,-83.563352,-105.873989,-126.474452,-145.129149,-159.577451,-169.238397,-176.375785,-181.873775,-183.325799,-178.103406,-164.11261,-142.871615,-120.755176,-100.821882,-81.419665,-62.33974,-45.634237,-31.18727,-17.303905,-3.901023,9.240626,23.455577,40.216669,59.857061,81.259438,101.596813,119.704331,135.486411,147.232589,155.402812,160.847044,162.445849,159.429601,152.092667,139.79719,123.344939,106.11635,90.117687
5,2025-10-12 11:41:51,executed,74.993855,59.885069,45.206646,32.306527,22.309473,14.273628,2.420855,-17.368554,-34.351259,-38.730552,-44.305447,-60.96178,-83.563352,-105.873989,-126.474452,-145.129149,-159.577451,-169.238397,-176.375785,-181.873775,-183.325799,-178.103406,-164.11261,-142.871615,-120.755176,-100.821882,-81.419665,-62.33974,-45.634237,-31.18727,-17.303905,-3.901023,9.240626,23.455577,40.216669,59.857061,81.259438,101.596813,119.704331,135.486411,147.232589,155.402812,160.847044,162.445849,159.429601,152.092667,139.79719,123.344939,106.11635,90.117687
5,2025-10-12 11:42:11,proposed,75.0,60.0,45.0,30.0,15.0,0.0,-15.0,-30.0,-45.0,-60.0,-75.0,-90.0,-105.0,-120.0,-135.0,-150.0,-160.0,-165.0,-170.0,-172.0,-170.0,-165.0,-155.0,-140.0,-120.0,-100.0,-80.0,-60.0,-40.0,-20.0,-5.0,10.0,25.0,40.0,55.0,70.0,85.0,100.0,115.0,130.0,140.0,145.0,150.0,152.0,150.0,145.0,135.0,120.0,100.0,80.0
6,2025-10-12 11:42:51,executed,75.0,60.0,45.0,30.0,15.0,0.0,-15.0,-30.0,-45.0,-60.0,-75.0,-90.0,-105.0,-120.0,-135.0,-150.0,-160.0,-165.0,-170.0,-172.0,-170.0,-165.0,-155.0,-140.0,-120.0,-100.0,-80.0,-60.0,-40.0,-20.0,-5.0,10.0,25.0,40.0,55.0,70.0,85.0,100.0,115.0,130.0,140.0,145.0,150.0,152.0,150.0,145.0,135.0,120.0,100.0,80.0
6,2025-10-12 11:44:56,proposed,80.993855,50.66914104166666,27.63981925,5.947178874999997,-29.08114116666667,-41.775516375,-83.14101125,-125.91540529166666,-156.79776633333333,-172.43753125,-175.14980191666666,-148.37715395833328,-104.78852900000001,-65.08470562499997,-31.206839583333373,-2.9271037499999455,24.717260000000003,60.128613333333334,102.51246925000005,138.19847766666672,160.04110816666667,168.245998375,158.70407816666665,130.03044945833335,96.117687,30.254739,20.415438,6.455457999999999,-19.062408000000005,-64.200826,-43.21952579166667,-43.28363775,-42.393947375,-30.586801666666666,-8.776475124999983,15.467695416666666,29.753656208333336,30.4916915,22.19358674999999,9.644849000000017,-3.5590853750000275,-18.957855666666667,-33.008288916666665,-38.386204750000005,-34.60046029166666,-18.79847133333333,3.9414063750000157,27.028961166666697,36.79456291666666,33.960793
7,2025-10-12 11:45:36,executed,80.993855,50.66914104166666,27.63981925,5.947178874999997,-29.08114116666667,-41.775516375,-83.14101125,-125.91540529166666,-156.79776633333333,-172.43753125,-175.14980191666666,-148.37715395833328,-104.78852900000001,-65.08470562499997,-31.206839583333373,-2.9271037499999455,24.717260000000003,60.128613333333334,102.51246925000005,138.19847766666672,160.04110816666667,168.245998375,158.70407816666665,130.03044945833335,96.117687,30.254739,20.415438,6.455457999999999,-19.062408000000005,-64.200826,-43.21952579166667,-43.28363775,-42.393947375,-30.586801666666666,-8.776475124999983,15.467695416666666,29.753656208333336,30.4916915,22.19358674999999,9.644849000000017,-3.5590853750000275,-18.957855666666667,-33.008288916666665,-38.386204750000005,-34.60046029166666,-18.79847133333333,3.9414063750000157,27.028961166666697,36.79456291666666,33.960793
7,2025-10-12 11:46:57,proposed,79.993855,64.885069,49.206646,36.306527,26.309473,18.273628,6.420855,-13.368554,-30.351259,-34.730552,-40.305447,-56.96178,-79.563352,-101.873989,-122.474452,-141.129149,-155.577451,-165.238397,-172.375785,-177.873775,-179.325799,-174.103406,-160.11261,-138.871615,-116.755176,-96.821882,-77.419665,-58.33974,-41.634237,-27.18727,-13.303905,0.098977,13.240626,27.455577,44.216669,63.857061,85.259438,105.596813,123.704331,139.486411,151.232589,159.402812,164.847044,166.445849,163.429601,156.092667,143.79719,127.344939,110.11635,94.117687
8,2025-10-12 11:47:37,executed,79.993855,64.885069,49.206646,36.306527,26.309473,18.273628,6.420855,-13.368554,-30.351259,-34.730552,-40.305447,-56.96178,-79.563352,-101.873989,-122.474452,-141.129149,-155.577451,-165.238397,-172.375785,-177.873775,-179.325799,-174.103406,-160.11261,-138.871615,-116.755176,-96.821882,-77.419665,-58.33974,-41.634237,-27.18727,-13.303905,0.098977,13.240626,27.455577,44.216669,63.857061,85.259438,105.596813,123.704331,139.486411,151.232589,159.402812,164.847044,166.445849,163.429601,156.092667,143.79719,127.344939,110.11635,94.117687
8,2025-10-12 11:51:14,proposed,84.0,53.5,31.333333333333332,9.624999999999996,-24.666666666666668,-37.54166666666667,-79.50000000000001,-122.54166666666666,-153.33333333333334,-168.875,-171.91666666666666,-145.37499999999997,-102.0,-61.70833333333331,-27.83333333333337,0.1250000000000533,27.333333333333332,63.16666666666666,105.00000000000006,140.6666666666667,162.66666666666666,170.75,161.58333333333331,132.70833333333337,99.0,33.0,23.75,10.249999999999998,-15.375000000000004,-60.83333333333333,-39.375,-40.25,-39.125,-27.0,-5.499999999999984,18.166666666666664,32.37500000000001,33.0,24.749999999999993,12.500000000000016,-0.3750000000000284,-16.333333333333332,-30.25,-35.75,-31.624999999999993,-15.666666666666668,7.500000000000016,31.083333333333364,40.916666666666664,38.0
9,2025-10-12 11:51:54,executed,84.0,53.5,31.333333333333332,9.624999999999996,-24.666666666666668,-37.54166666666667,-79.50000000000001,-122.54166666666666,-153.33333333333334,-168.875,-171.91666666666666,-145.37499999999997,-102.0,-61.70833333333331,-27.83333333333337,0.1250000000000533,27.333333333333332,63.16666666666666,105.00000000000006,140.6666666666667,162.66666666666666,170.75,161.58333333333331,132.70833333333337,99.0,33.0,23.75,10.249999999999998,-15.375000000000004,-60.83333333333333,-39.375,-40.25,-39.125,-27.0,-5.499999999999984,18.166666666666664,32.37500000000001,33.0,24.749999999999993,12.500000000000016,-0.3750000000000284,-16.333333333333332,-30.25,-35.75,-31.624999999999993,-15.666666666666668,7.500000000000016,31.083333333333364,40.916666666666664,38.0
9,2025-10-12 11:52:11,proposed,79.993855,48.66914104166666,25.63981925,3.9471788749999974,-31.08114116666667,-43.775516375,-85.14101125,-127.91540529166666,-158.79776633333333,-174.43753125,-177.14980191666666,-150.37715395833328,-106.78852900000001,-67.08470562499997,-33.20683958333338,-4.9271037499999455,22.717260000000003,58.128613333333334,100.51246925000005,136.19847766666672,158.04110816666667,166.245998375,156.70407816666665,128.03044945833335,94.117687,28.254739,18.415438,4.455457999999999,-21.062408000000005,-66.200826,-45.21952579166667,-45.28363775,-43.393947375,-31.586801666666666,-9.776475124999983,14.467695416666666,28.753656208333336,29.4916915,21.19358674999999,8.644849000000017,-5.527835000000031,-21.207855666666667,-35.258288916666665,-40.636204750000005,-36.85046029166666,-21.04847133333333,1.6914063750000157,24.778961166666697,34.54456291666666,31.810793
10,2025-10-12 11:52:51,executed,79.993855,48.66914104166666,25.63981925,3.9471788749999974,-31.08114116666667,-43.775516375,-85.14101125,-127.91540529166666,-158.79776633333333,-174.43753125,-177.14980191666666,-150.37715395833328,-106.78852900000001,-67.08470562499997,-33.20683958333338,-4.9271037499999455,22.717260000000003,58.128613333333334,100.51246925000005,136.19847766666672,158.04110816666667,166.245998375,156.70407816666665,128.03044945833335,94.117687,28.254739,18.415438,4.455457999999999,-21.062408000000005,-66.200826,-45.21952579166667,-45.28363775,-43.393947375,-31.586801666666666,-9.776475124999983,14.467695416666666,28.753656208333336,29.4916915,21.19358674999999,8.644849000000017,-5.527835000000031,-21.207855666666667,-35.258288916666665,-40.636204750000005,-36.85046029166666,-21.04847133333333,1.6914063750000157,24.778961166666697,34.54456291666666,31.810793
10,2025-10-12 11:53:09,proposed,-42.4969275,-34.9425345,-27.603323,-21.1532635,-16.1547365,-12.136814,-6.2104275,3.684277,12.1756295,14.365276,17.1527235,25.48089,36.781676,47.9369945,58.237226,67.5645745,74.7887255,79.6191985,83.1878925,85.9368875,86.6628995,84.051703,77.056305,66.4358075,55.377588,45.410941,35.7098325,26.16987,17.8171185,10.593635,3.6519525,-3.0494885,-9.620313,-16.7277885,-25.1083345,-34.9285305,-45.629719,-55.7984065,-64.8521655,-72.7432055,-78.6162945,-82.701406,-85.423522,-86.2229245,-84.7148005,-81.0463335,-74.898595,-66.6724695,-58.058175,-50.0588435
11,2025-10-12 11:53:49,executed,-42.4969275,-34.9425345,-27.603323,-21.1532635,-16.1547365,-12.136814,-6.2104275,3.684277,12.1756295,14.365276,17.1527235,25.48089,36.781676,47.9369945,58.237226,67.5645745,74.7887255,79.6191985,83.1878925,85.9368875,86.6628995,84.051703,77.056305,66.4358075,55.377588,45.410941,35.7098325,26.16987,17.8171185,10.593635,3.6519525,-3.0494885,-9.620313,-16.7277885,-25.1083345,-34.9285305,-45.629719,-55.7984065,-64.8521655,-72.7432055,-78.6162945,-82.701406,-85.423522,-86.2229245,-84.7148005,-81.0463335,-74.898595,-66.6724695,-58.058175,-50.0588435
11,2025-10-12 11:54:13,proposed,83.993855,68.885069,54.206646,41.306527,31.309473,23.273628,11.420855,-8.368554,-25.351259,-29.730552,-35.305447,-51.96178,-74.563352,-96.873989,-117.474452,-136.129149,-150.577451,-160.238397,-167.375785,-172.873775,-174.325799,-169.103406,-155.11261,-133.871615,-111.755176,-91.821882,-72.419665,-53.33974,-36.634237,-22.18727,-8.303905,5.098977,18.240626,32.455577,49.216669,68.857061,90.259438,110.596813,128.704331,144.486411,156.232589,164.402812,169.847044,171.445849,168.429601,161.092667,148.79719,132.344939,115.11635,99.117687
12,2025-10-12 11:54:53,executed,83.993855,68.885069,54.206646,41.306527,31.309473,23.273628,11.420855,-8.368554,-25.351259,-29.730552,-35.305447,-51.96178,-74.563352,-96.873989,-117.474452,-136.129149,-150.577451,-160.238397,-167.375785,-172.873775,-174.325799,-169.103406,-155.11261,-133.871615,-111.755176,-91.821882,-72.419665,-53.33974,-36.634237,-22.18727,-8.303905,5.098977,18.240626,32.455577,49.216669,68.857061,90.259438,110.596813,128.704331,144.486411,156.232589,164.402812,169.847044,171.445849,168.429601,161.092667,148.79719,132.344939,115.11635,99.117687
12,2025-10-12 11:55:12,proposed,42.4969275,34.9425345,27.603323,21.1532635,16.1547365,12.136814,6.2104275,-3.684277,-12.1756295,-14.365276,-17.1527235,-25.48089,-36.781676,-47.9369945,-58.237226,-67.5645745,-74.7887255,-79.6191985,-83.1878925,-85.9368875,-86.6628995,-84.051703,-77.056305,-66.4358075,-55.377588,-45.410941,-35.7098325,-26.16987,-17.8171185,-10.593635,-3.6519525,3.0494885,9.620313,16.7277885,25.1083345,34.9285305,45.629719,55.7984065,64.8521655,72.7432055,78.6162945,82.701406,85.423522,86.2229245,84.7148005,81.0463335,74.898595,66.6724695,58.058175,50.0588435
13,2025-10-12 11:55:52,executed,42.4969275,34.9425345,27.603323,21.1532635,16.1547365,12.136814,6.2104275,-3.684277,-12.1756295,-14.365276,-17.1527235,-25.48089,-36.781676,-47.9369945,-58.237226,-67.5645745,-74.7887255,-79.6191985,-83.1878925,-85.9368875,-86.6628995,-84.051703,-77.056305,-66.4358075,-55.377588,-45.410941,-35.7098325,-26.16987,-17.8171185,-10.593635,-3.6519525,3.0494885,9.620313,16.7277885,25.1083345,34.9285305,45.629719,55.7984065,64.8521655,72.7432055,78.6162945,82.701406,85.423522,86.2229245,84.7148005,81.0463335,74.898595,66.6724695,58.058175,50.0588435
13,2025-10-12 11:56:07,proposed,-95.0,-80.0,-65.0,-50.0,-35.0,-20.0,-5.0,10.0,25.0,40.0,55.0,70.0,85.0,100.0,115.0,130.0,145.0,160.0,175.0,190.0,185.0,170.0,155.0,140.0,125.0,-105.0,-90.0,-75.0,-60.0,-45.0,-30.0,-15.0,0.0,15.0,30.0,45.0,60.0,75.0,90.0,105.0,120.0,135.0,150.0,165.0,150.0,135.0,120.0,105.0,90.0,75.0
14,2025-10-12 11:56:47,executed,-95.0,-80.0,-65.0,-50.0,-35.0,-20.0,-5.0,10.0,25.0,40.0,55.0,70.0,85.0,100.0,115.0,130.0,145.0,160.0,175.0,190.0,185.0,170.0,155.0,140.0,125.0,-105.0,-90.0,-75.0,-60.0,-45.0,-30.0,-15.0,0.0,15.0,30.0,45.0,60.0,75.0,90.0,105.0,120.0,135.0,150.0,165.0,150.0,135.0,120.0,105.0,90.0,75.0
14,2025-10-12 11:57:03,proposed,-74.993855,-59.885069,-45.206646,-32.306527,-22.309473,-14.273628,-2.420855,17.368554,34.351259,38.730552,44.305447,60.96178,83.563352,105.873989,126.474452,145.129149,159.577451,169.238397,176.375785,181.873775,183.325799,178.103406,164.11261,142.871615,120.755176,100.821882,81.419665,62.33974,45.634237,31.18727,17.303905,-6.098977,-19.240626,-33.455577,-50.216669,-69.857061,-91.259438,-111.596813,-129.704331,-145.486411,-157.232589,-165.402812,-170.847044,-172.445849,-169.429601,-162.092667,-149.79719,-133.344939,-116.11635,-100.117687
15,2025-10-12 11:57:43,executed,-74.993855,-59.885069,-45.206646,-32.306527,-22.309473,-14.273628,-2.420855,17.368554,34.351259,38.730552,44.305447,60.96178,83.563352,105.873989,126.474452,145.129149,159.577451,169.238397,176.375785,181.873775,183.325799,178.103406,164.11261,142.871615,120.755176,100.821882,81.419665,62.33974,45.634237,31.18727,17.303905,-6.098977,-19.240626,-33.455577,-50.216669,-69.857061,-91.259438,-111.596813,-129.704331,-145.486411,-157.232589,-165.402812,-170.847044,-172.445849,-169.429601,-162.092667,-149.79719,-133.344939,-116.11635,-100.117687
15,2025-10-12 11:58:16,proposed,65.993855,50.885069,36.206646,23.306527,13.309473,5.273628,-6.420855,-16.368554,-20.351259,-24.730552,-28.305447,-35.96178,-48.563352,-60.873989,-70.474452,-79.129149,-83.577451,-87.238397,-90.375785,-92.873775,-93.325799,-90.103406,-85.11261,-72.871615,-60.755176,-50.821882,-41.419665,-32.33974,-25.634237,-20.18727,-17.303905,-12.901023,-8.759374,-2.544423,4.216669,12.857061,21.259438,29.596813,35.704331,40.486411,43.232589,44.402812,44.847044,43.445849,40.429601,36.092667,30.79719,24.344939,18.11635,12.117687
16,2025-10-12 11:58:56,executed,65.993855,50.885069,36.206646,23.306527,13.309473,5.273628,-6.420855,-16.368554,-20.351259,-24.730552,-28.305447,-35.96178,-48.563352,-60.873989,-70.474452,-79.129149,-83.577451,-87.238397,-90.375785,-92.873775,-93.325799,-90.103406,-85.11261,-72.871615,-60.755176,-50.821882,-41.419665,-32.33974,-25.634237,-20.18727,-17.303905,-12.901023,-8.759374,-2.544423,4.216669,12.857061,21.259438,29.596813,35.704331,40.486411,43.232589,44.402812,44.847044,43.445849,40.429601,36.092667,30.79719,24.344939,18.11635,12.117687
16,2025-10-12 11:59:12,proposed,-85.0,-70.0,-55.0,-42.0,-32.0,-24.0,-12.0,7.0,24.0,29.0,34.0,51.0,74.0,96.0,117.0,136.0,150.0,160.0,167.0,172.0,174.0,169.0,155.0,134.0,111.0,91.0,72.0,53.0,36.0,22.0,8.0,-6.0,-19.0,-34.0,-51.0,-70.0,-92.0,-112.0,-130.0,-146.0,-158.0,-166.0,-171.0,-173.0,-169.0,-162.0,-150.0,-134.0,-117.0,-101.0
17,2025-10-12 11:59:52,executed,-85.0,-70.0,-55.0,-42.0,-32.0,-24.0,-12.0,7.0,24.0,29.0,34.0,51.0,74.0,96.0,117.0,136.0,150.0,160.0,167.0,172.0,174.0,169.0,155.0,134.0,111.0,91.0,72.0,53.0,36.0,22.0,8.0,-6.0,-19.0,-34.0,-51.0,-70.0,-92.0,-112.0,-130.0,-146.0,-158.0,-166.0,-171.0,-173.0,-169.0,-162.0,-150.0,-134.0,-117.0,-101.0
17,2025-10-12 12:00:20,proposed,64.993855,59.885069,45.206646,32.306527,22.309473,14.273628,2.420855,-17.368554,-34.351259,-38.730552,-44.305447,-60.96178,-83.563352,-105.873989,-126.474452,-145.129149,-159.577451,-169.238397,-176.375785,-181.873775,-183.325799,-178.103406,-164.11261,-142.871615,-120.755176,-100.821882,-81.419665,-62.33974,-45.634237,-31.18727,-17.303905,-3.901023,9.240626,23.455577,40.216669,59.857061,81.259438,101.596813,119.704331,135.486411,147.232589,155.402812,160.847044,162.445849,159.429601,152.092667,139.79719,123.344939,106.11635,90.117687
18,2025-10-12 12:01:00,executed,64.993855,59.885069,45.206646,32.306527,22.309473,14.273628,2.420855,-17.368554,-34.351259,-38.730552,-44.305447,-60.96178,-83.563352,-105.873989,-126.474452,-145.129149,-159.577451,-169.238397,-176.375785,-181.873775,-183.325799,-178.103406,-164.11261,-142.871615,-120.755176,-100.821882,-81.419665,-62.33974,-45.634237,-31.18727,-17.303905,-3.901023,9.240626,23.455577,40.216669,59.857061,81.259438,101.596813,119.704331,135.486411,147.232589,155.402812,160.847044,162.445849,159.429601,152.092667,139.79719,123.344939,106.11635,90.117687
18,2025-10-12 12:01:21,proposed,-10.094,-1.423,-1.594,-1.755,-1.351,-1.805,-1.563,-1.674,-1.896,-1.975,-1.819,-1.431,-882.0,-371.0,-1.034,1.304,1.474,1.583,1.648,1.679,1.683,1.664,1.626,1.572,1.505,-1.467,-1.385,-1.297,-1.204,-1.107,-1.008,-0.906,-0.802,-0.697,-0.591,-0.485,-0.379,-0.273,-0.167,-0.061,0.045,0.151,0.257,0.363,0.469,0.575,0.681,0.787,0.893,0.999
19,2025-10-12 12:02:01,executed,-10.094,-1.423,-1.594,-1.755,-1.351,-1.805,-1.563,-1.674,-1.896,-1.975,-1.819,-1.431,-882.0,-371.0,-1.034,1.304,1.474,1.583,1.648,1.679,1.683,1.664,1.626,1.572,1.505,-1.467,-1.385,-1.297,-1.204,-1.107,-1.008,-0.906,-0.802,-0.697,-0.591,-0.485,-0.379,-0.273,-0.167,-0.061,0.045,0.151,0.257,0.363,0.469,0.575,0.681,0.787,0.893,0.999
19,2025-10-12 12:02:23,proposed,-84.993855,-69.885069,-55.206646,-42.306527,-32.309473,-24.273628,-12.420855,7.368554,24.351259,28.730552,34.305447,50.96178,73.563352,95.873989,116.474452,135.129149,149.577451,159.238397,166.375785,171.873775,173.325799,168.103406,154.11261,132.871615,110.755176,90.821882,71.419665,52.33974,35.634237,21.18727,7.303905,-6.098977,-19.240626,-33.455577,-50.216669,-69.857061,-91.259438,-111.596813,-129.704331,-145.486411,-157.232589,-165.402812,-170.847044,-172.445849,-169.429601,-162.092667,-149.79719,-133.344939,-116.11635,-100.117687
20,2025-10-12 12:03:03,executed,-84.993855,-69.885069,-55.206646,-42.306527,-32.309473,-24.273628,-12.420855,7.368554,24.351259,28.730552,34.305447,50.96178,73.563352,95.873989,116.474452,135.129149,149.577451,159.238397,166.375785,171.873775,173.325799,168.103406,154.11261,132.871615,110.755176,90.821882,71.419665,52.33974,35.634237,21.18727,7.303905,-6.098977,-19.240626,-33.455577,-50.216669,-69.857061,-91.259438,-111.596813,-129.704331,-145.486411,-157.232589,-165.402812,-170.847044,-172.445849,-169.429601,-162.092667,-149.79719,-133.344939,-116.11635,-100.117687
20,2025-10-12 12:03:31,proposed,84.993855,69.885069,55.206646,42.306527,32.309473,24.273628,12.420855,-7.368554,-24.351259,-28.730552,-34.305447,-50.96178,-73.563352,-95.873989,-116.474452,-135.129149,-149.577451,-159.238397,-166.375785,-171.873775,-173.325799,-168.103406,-154.11261,-132.871615,-110.755176,-90.821882,-71.419665,-52.33974,-35.634237,-21.18727,-7.303905,6.098977,19.240626,33.455577,50.216669,69.857061,91.259438,111.596813,129.704331,145.486411,157.232589,165.402812,170.847044,172.445849,169.429601,162.092667,149.79719,133.344939,116.11635,100.117687
21,2025-10-12 12:04:11,executed,84.993855,69.885069,55.206646,42.306527,32.309473,24.273628,12.420855,-7.368554,-24.351259,-28.730552,-34.305447,-50.96178,-73.563352,-95.873989,-116.474452,-135.129149,-149.577451,-159.238397,-166.375785,-171.873775,-173.325799,-168.103406,-154.11261,-132.871615,-110.755176,-90.821882,-71.419665,-52.33974,-35.634237,-21.18727,-7.303905,6.098977,19.240626,33.455577,50.216669,69.857061,91.259438,111.596813,129.704331,145.486411,157.232589,165.402812,170.847044,172.445849,169.429601,162.092667,149.79719,133.344939,116.11635,100.117687
21,2025-10-12 12:04:23,proposed,85.993855,70.885069,56.206646,43.306527,33.309473,25.273628,13.420855,-6.368554,-23.351259,-27.730552,-33.305447,-50.96178,-74.563352,-96.873989,-117.474452,-136.129149,-150.577451,-160.238397,-167.375785,-172.873775,-174.325799,-169.103406,-155.11261,-133.871615,-111.755176,-91.821882,-72.419665,-53.33974,-36.634237,-22.18727,-8.303905,5.098977,18.240626,34.455577,51.216669,70.857061,92.259438,112.596813,130.704331,146.486411,158.232589,166.402812,171.847044,173.445849,170.429601,163.092667,150.79719,134.344939,117.11635,101.117687
22,2025-10-12 12:05:03,executed,85.993855,70.885069,56.206646,43.306527,33.309473,25.273628,13.420855,-6.368554,-23.351259,-27.730552,-33.305447,-50.96178,-74.563352,-96.873989,-117.474452,-136.129149,-150.577451,-160.238397,-167.375785,-172.873775,-174.325799,-169.103406,-155.11261,-133.871615,-111.755176,-91.821882,-72.419665,-53.33974,-36.634237,-22.18727,-8.303905,5.098977,18.240626,34.455577,51.216669,70.857061,92.259438,112.596813,130.704331,146.486411,158.232589,166.402812,171.847044,173.445849,170.429601,163.092667,150.79719,134.344939,117.11635,101.117687
22,2025-10-12 12:05:23,proposed,85.993855,70.885069,56.206646,43.306527,33.309473,25.273628,13.420855,-6.368554,-23.351259,-27.730552,-33.305447,-50.96178,-73.563352,-95.873989,-116.474452,-135.129149,-149.577451,-159.238397,-166.375785,-171.873775,-173.325799,-168.103406,-154.11261,-132.871615,-110.755176,-90.821882,-71.419665,-52.33974,-35.634237,-21.18727,-7.303905,6.098977,19.240626,33.455577,50.216669,69.857061,91.259438,111.596813,129.704331,145.486411,157.232589,165.402812,170.847044,172.445849,169.429601,162.092667,149.79719,133.344939,116.11635,100.117687
23,2025-10-12 12:06:03,executed,85.993855,70.885069,56.206646,43.306527,33.309473,25.273628,13.420855,-6.368554,-23.351259,-27.730552,-33.305447,-50.96178,-73.563352,-95.873989,-116.474452,-135.129149,-149.577451,-159.238397,-166.375785,-171.873775,-173.325799,-168.103406,-154.11261,-132.871615,-110.755176,-90.821882,-71.419665,-52.33974,-35.634237,-21.18727,-7.303905,6.098977,19.240626,33.455577,50.216669,69.857061,91.259438,111.596813,129.704331,145.486411,157.232589,165.402812,170.847044,172.445849,169.429601,162.092667,149.79719,133.344939,116.11635,100.117687
23,2025-10-12 12:06:23,proposed,83.993855,68.885069,54.206646,41.306527,31.309473,23.273628,11.420855,-8.368554,-25.351259,-29.730552,-35.305447,-51.96178,-74.563352,-96.873989,-117.474452,-136.129149,-150.577451,-160.238397,-167.375785,-172.873775,-174.325799,-169.103406,-155.11261,-133.871615,-111.755176,-91.821882,-72.419665,-53.33974,-36.634237,-22.18727,-8.303905,5.098977,18.240626,32.455577,49.216669,68.857061,90.259438,110.596813,128.704331,144.486411,156.232589,164.402812,169.847044,171.445849,168.429601,161.092667,148.79719,132.344939,115.11635,99.117687
24,2025-10-12 12:07:03,executed,83.993855,68.885069,54.206646,41.306527,31.309473,23.273628,11.420855,-8.368554,-25.351259,-29.730552,-35.305447,-51.96178,-74.563352,-96.873989,-117.474452,-136.129149,-150.577451,-160.238397,-167.375785,-172.873775,-174.325799,-169.103406,-155.11261,-133.871615,-111.755176,-91.821882,-72.419665,-53.33974,-36.634237,-22.18727,-8.303905,5.098977,18.240626,32.455577,49.216669,68.857061,90.259438,110.596813,128.704331,144.486411,156.232589,164.402812,169.847044,171.445849,168.429601,161.092667,148.79719,132.344939,115.11635,99.117687
24,2025-10-12 12:07:22,proposed,-11.76,-11.76,-11.76,-11.76,-11.76,-11.76,-11.76,-11.76,-11.76,-11.76,-11.76,-11.76,-11.76,-11.76,-11.76,-11.76,-11.76,-11.76,-11.76,-11.76,-11.76,-11.76,-11.76,-11.76,-11.76,-11.76,-11.76,-11.76,-11.76,-11.76,11.76,11.76,11.76,11.76,11.76,11.76,11.76,11.76,11.76,11.76,11.76,11.76,11.76,11.76,11.76,11.76,11.76,11.76,11.76,11.76
25,2025-10-12 12:08:02,executed,-11.76,-11.76,-11.76,-11.76,-11.76,-11.76,-11.76,-11.76,-11.76,-11.76,-11.76,-11.76,-11.76,-11.76,-11.76,-11.76,-11.76,-11.76,-11.76,-11.76,-11.76,-11.76,-11.76,-11.76,-11.76,-11.76,-11.76,-11.76,-11.76,-11.76,11.76,11.76,11.76,11.76,11.76,11.76,11.76,11.76,11.76,11.76,11.76,11.76,11.76,11.76,11.76,11.76,11.76,11.76,11.76,11.76
25,2025-10-12 12:08:26,proposed,42.4969275,27.33457052083333,15.819909624999998,4.9735894374999985,-12.540570583333333,-18.8877581875,-39.570505625,-60.95770264583333,-76.39888316666666,-84.218765625,-85.57490095833333,-72.18857697916664,-50.394264500000006,-30.542352812499985,-13.603419791666687,0.5364481250000273,14.358629999999998,32.06430666666667,53.256234625000026,71.09923883333336,82.02055408333334,86.1229991875,81.35203908333332,67.01522472916668,50.0588435,17.1273695,12.207719,5.227728999999999,-7.5312040000000025,-30.100413,-19.609762895833335,-19.641818875,-19.1969736875,-13.293400833333333,-2.4675680624999914,9.533847708333333,16.67682810416667,16.99584575,12.846793374999995,6.572424500000009,-0.029542687500013987,-7.7289278333333336,-14.754144458333332,-17.443102375000002,-15.550230145833329,-7.649235666666667,3.720703187500008,15.264480583333349,20.14728145833333,18.7892555
26,2025-10-12 12:09:06,executed,42.4969275,27.33457052083333,15.819909624999998,4.9735894374999985,-12.540570583333333,-18.8877581875,-39.570505625,-60.95770264583333,-76.39888316666666,-84.218765625,-85.57490095833333,-72.18857697916664,-50.394264500000006,-30.542352812499985,-13.603419791666687,0.5364481250000273,14.358629999999998,32.06430666666667,53.256234625000026,71.09923883333336,82.02055408333334,86.1229991875,81.35203908333332,67.01522472916668,50.0588435,17.1273695,12.207719,5.227728999999999,-7.5312040000000025,-30.100413,-19.609762895833335,-19.641818875,-19.1969736875,-13.293400833333333,-2.4675680624999914,9.533847708333333,16.67682810416667,16.99584575,12.846793374999995,6.572424500000009,-0.029542687500013987,-7.7289278333333336,-14.754144458333332,-17.443102375000002,-15.550230145833329,-7.649235666666667,3.720703187500008,15.264480583333349,20.14728145833333,18.7892555
26,2025-10-12 12:09:28,proposed,-75.296115,-44.98747420833333,-22.193514083333334,-31.026432625000005,-65.68114116666666,-78.375516375,-119.74101125000001,-162.51540529166667,-193.39776633333332,-209.03753125,-211.74980191666668,-184.9771539583333,-141.388529,-101.68470562499998,-67.80683958333337,-39.652103749999945,-12.08274,23.32861333333333,65.78746925000004,101.39847766666672,123.24110816666666,131.445998375,121.90407816666664,93.23044945833335,59.317687,26.745261,16.90596375,2.9459680833333324,-22.571910000000003,-67.71033333333332,-46.72904583333333,-46.7931575,-45.90346666666667,-34.09632333333334,-8.694837499999972,21.557694166666664,35.84365458333334,36.481695,28.18358874999999,15.634846666666682,2.4309162499999717,-12.967856666666666,-27.01828833333333,-32.3962075,-28.61045749999999,-12.808471666666668,9.931407500000017,33.01896250000003,42.78456,39.05079
27,2025-10-12 12:10:08,executed,-75.296115,-44.98747420833333,-22.193514083333334,-31.026432625000005,-65.68114116666666,-78.375516375,-119.74101125000001,-162.51540529166667,-193.39776633333332,-209.03753125,-211.74980191666668,-184.9771539583333,-141.388529,-101.68470562499998,-67.80683958333337,-39.652103749999945,-12.08274,23.32861333333333,65.78746925000004,101.39847766666672,123.24110816666666,131.445998375,121.90407816666664,93.23044945833335,59.317687,26.745261,16.90596375,2.9459680833333324,-22.571910000000003,-67.71033333333332,-46.72904583333333,-46.7931575,-45.90346666666667,-34.09632333333334,-8.694837499999972,21.557694166666664,35.84365458333334,36.481695,28.18358874999999,15.634846666666682,2.4309162499999717,-12.967856666666666,-27.01828833333333,-32.3962075,-28.61045749999999,-12.808471666666668,9.931407500000017,33.01896250000003,42.78456,39.05079
27,2025-10-12 12:10:23,proposed,43.2469288,35.6740345,28.103323,21.1532635,15.058736,9.636814,4.210377,-1.037427,-6.038627,-10.115183,-13.202723,-15.288676,-16.404994,-16.638817,-16.134937,-15.08947,-13.699178,-12.157928,-10.653965,-9.260888,-7.97344,-6.73017,-5.466305,-4.11035,-2.61142,-0.920688,0.951523,2.967824,5.044335,7.009635,8.703057,9.974965,10.704313,10.935428,10.744621,10.23026,9.50397,8.67363,7.843414,7.112785,6.55463,6.115041,5.717352,5.265885,4.65506,3.80731,2.79355,1.70126,0.69488,3.4254739
28,2025-10-12 12:11:03,executed,43.2469288,35.6740345,28.103323,21.1532635,15.058736,9.636814,4.210377,-1.037427,-6.038627,-10.115183,-13.202723,-15.288676,-16.404994,-16.638817,-16.134937,-15.08947,-13.699178,-12.157928,-10.653965,-9.260888,-7.97344,-6.73017,-5.466305,-4.11035,-2.61142,-0.920688,0.951523,2.967824,5.044335,7.009635,8.703057,9.974965,10.704313,10.935428,10.744621,10.23026,9.50397,8.67363,7.843414,7.112785,6.55463,6.115041,5.717352,5.265885,4.65506,3.80731,2.79355,1.70126,0.69488,3.4254739
28,2025-10-12 12:11:22,proposed,-100.0,-85.0,-70.0,-55.0,-40.0,-25.0,-10.0,5.0,20.0,35.0,-50.0,-65.0,-80.0,-95.0,-110.0,-125.0,-140.0,-155.0,-170.0,-185.0,-200.0,-185.0,-170.0,-155.0,-140.0,-125.0,-110.0,-95.0,-80.0,-65.0,50.0,65.0,80.0,95.0,110.0,125.0,140.0,155.0,170.0,185.0,200.0,185.0,170.0,155.0,140.0,125.0,110.0,95.0,80.0,65.0
29,2025-10-12 12:12:02,executed,-100.0,-85.0,-70.0,-55.0,-40.0,-25.0,-10.0,5.0,20.0,35.0,-50.0,-65.0,-80.0,-95.0,-110.0,-125.0,-140.0,-155.0,-170.0,-185.0,-200.0,-185.0,-170.0,-155.0,-140.0,-125.0,-110.0,-95.0,-80.0,-65.0,50.0,65.0,80.0,95.0,110.0,125.0,140.0,155.0,170.0,185.0,200.0,185.0,170.0,155.0,140.0,125.0,110.0,95.0,80.0,65.0
29,2025-10-12 12:12:24,proposed,-79.983855,-37.610040500000004,-14.03580866666667,-8.023849500000019,24.430787666666664,45.34572449999997,93.033989,134.6971993333333,158.87752633333332,169.859787,156.03620866666674,111.70124916666671,68.689665,30.49640916666675,1.230389000000077,-27.96689849999996,-64.9298176666666,-109.8272504999999,-147.091411,-168.57481599999997,-173.70863433333335,-158.18273850000003,-124.16925366666673,-129.3581029999998,-135.321996,-141.62358,-159.4512355,-204.26721366666666,-205.185856,-196.33149866666668,-197.42691933333333,-187.635765,-165.50966550000004,-139.77872466666668,-128.3175235,-131.377224,-142.22829966666666,-155.779086,-170.07705766666663,-184.98835466666662,-196.064422,-195.34872633333333,-185.6594771666667,-163.620972,-138.30670266666675,-119.648529,-121.429481,-127.55545466666665,-134.72121166666665,-140.117687
30,2025-10-12 12:13:04,executed,-79.983855,-37.610040500000004,-14.03580866666667,-8.023849500000019,24.430787666666664,45.34572449999997,93.033989,134.6971993333333,158.87752633333332,169.859787,156.03620866666674,111.70124916666671,68.689665,30.49640916666675,1.230389000000077,-27.96689849999996,-64.9298176666666,-109.8272504999999,-147.091411,-168.57481599999997,-173.70863433333335,-158.18273850000003,-124.16925366666673,-129.3581029999998,-135.321996,-141.62358,-159.4512355,-204.26721366666666,-205.185856,-196.33149866666668,-197.42691933333333,-187.635765,-165.50966550000004,-139.77872466666668,-128.3175235,-131.377224,-142.22829966666666,-155.779086,-170.07705766666663,-184.98835466666662,-196.064422,-195.34872633333333,-185.6594771666667,-163.620972,-138.30670266666675,-119.648529,-121.429481,-127.55545466666665,-134.72121166666665,-140.117687
30,2025-10-12 12:13:55,proposed,85.993855,70.885069,56.206646,43.306527,33.309473,25.273628,13.420855,-6.368554,-23.351259,-27.730552,-33.305447,-49.96178,-72.563352,-94.873989,-115.474452,-134.129149,-148.577451,-158.238397,-165.375785,-170.873775,-172.325799,-167.103406,-153.11261,-131.871615,-109.755176,-89.821882,-70.419665,-51.33974,-34.634237,-20.18727,-6.303905,7.098977,20.240626,34.455577,51.216669,70.857061,92.259438,112.596813,130.704331,146.486411,158.232589,166.402812,171.847044,173.445849,170.429601,163.092667,150.79719,134.344939,117.11635,101.117687
31,2025-10-12 12:14:35,executed,85.993855,70.885069,56.206646,43.306527,33.309473,25.273628,13.420855,-6.368554,-23.351259,-27.730552,-33.305447,-49.96178,-72.563352,-94.873989,-115.474452,-134.129149,-148.577451,-158.238397,-165.375785,-170.873775,-172.325799,-167.103406,-153.11261,-131.871615,-109.755176,-89.821882,-70.419665,-51.33974,-34.634237,-20.18727,-6.303905,7.098977,20.240626,34.455577,51.216669,70.857061,92.259438,112.596813,130.704331,146.486411,158.232589,166.402812,171.847044,173.445849,170.429601,163.092667,150.79719,134.344939,117.11635,101.117687
31,2025-10-12 12:14:54,proposed,84.993855,69.885069,55.206646,42.306527,32.309473,24.273628,12.420855,-7.368554,-24.351259,-28.730552,-34.305447,-50.96178,-73.563352,-95.873989,-116.474452,-135.129149,-149.577451,-159.238397,-166.375785,-171.873775,-173.325799,-168.103406,-154.11261,-132.871615,-110.755176,-90.821882,-71.419665,-52.33974,-35.634237,-21.18727,-7.303905,6.098977,19.240626,33.455577,50.216669,69.857061,91.259438,111.596813,129.704331,145.486411,157.232589,165.402812,170.847044,172.445849,169.429601,162.092667,149.79719,133.344939,116.11635,100.117687
32,2025-10-12 12:15:34,executed,84.993855,69.885069,55.206646,42.306527,32.309473,24.273628,12.420855,-7.368554,-24.351259,-28.730552,-34.305447,-50.96178,-73.563352,-95.873989,-116.474452,-135.129149,-149.577451,-159.238397,-166.375785,-171.873775,-173.325799,-168.103406,-154.11261,-132.871615,-110.755176,-90.821882,-71.419665,-52.33974,-35.634237,-21.18727,-7.303905,6.098977,19.240626,33.455577,50.216669,69.857061,91.259438,111.596813,129.704331,145.486411,157.232589,165.402812,170.847044,172.445849,169.429601,162.092667,149.79719,133.344939,116.11635,100.117687
32,2025-10-12 12:15:55,proposed,-75.983855,-50.885069,-35.206646,-22.306527,-12.309473,-4.273628,-15.420855,17.368554,34.351259,38.730552,44.305447,60.96178,83.563352,105.873989,126.474452,145.129149,159.577451,169.238397,176.375785,181.873775,183.325799,178.103406,164.11261,142.871615,120.755176,100.821882,81.419665,62.33974,45.634237,31.18727,17.303905,-6.098977,-19.240626,-33.455577,-50.216669,-69.857061,-91.259438,-111.596813,-129.704331,-145.486411,-157.232589,-165.402812,-170.847044,-172.445849,-169.429601,-162.092667,-149.79719,-133.344939,-116.11635,-100.117687
33,2025-10-12 12:16:35,executed,-75.983855,-50.885069,-35.206646,-22.306527,-12.309473,-4.273628,-15.420855,17.368554,34.351259,38.730552,44.305447,60.96178,83.563352,105.873989,126.474452,145.129149,159.577451,169.238397,176.375785,181.873775,183.325799,178.103406,164.11261,142.871615,120.755176,100.821882,81.419665,62.33974,45.634237,31.18727,17.303905,-6.098977,-19.240626,-33.455577,-50.216669,-69.857061,-91.259438,-111.596813,-129.704331,-145.486411,-157.232589,-165.402812,-170.847044,-172.445849,-169.429601,-162.092667,-149.79719,-133.344939,-116.11635,-100.117687
33,2025-10-12 12:17:11,proposed,74.993855,59.885069,45.206646,32.306527,22.309473,14.273628,2.420855,-17.368554,-34.351259,-38.730552,-44.305447,-60.96178,-83.563352,-105.873989,-126.474452,-145.129149,-159.577451,-169.238397,-176.375785,-181.873775,-183.325799,-178.103406,-164.11261,-142.871615,-120.755176,-100.821882,-81.419665,-62.33974,-45.634237,-31.18727,-17.303905,-3.901023,9.240626,23.455577,40.216669,59.857061,81.259438,101.596813,119.704331,135.486411,147.232589,155.402812,160.847044,162.445849,159.429601,152.092667,139.79719,123.344939,106.11635,90.117687
34,2025-10-12 12:17:51,executed,74.993855,59.885069,45.206646,32.306527,22.309473,14.273628,2.420855,-17.368554,-34.351259,-38.730552,-44.305447,-60.96178,-83.563352,-105.873989,-126.474452,-145.129149,-159.577451,-169.238397,-176.375785,-181.873775,-183.325799,-178.103406,-164.11261,-142.871615,-120.755176,-100.821882,-81.419665,-62.33974,-45.634237,-31.18727,-17.303905,-3.901023,9.240626,23.455577,40.216669,59.857061,81.259438,101.596813,119.704331,135.486411,147.232589,155.402812,160.847044,162.445849,159.429601,152.092667,139.79719,123.344939,106.11635,90.117687
34,2025-10-12 12:18:12,proposed,-84.893855,-69.785069,-55.106646,-42.206527,-32.209473,-24.173628,-12.320855,7.468554,24.451259,28.830552,34.405447,51.06178,73.663352,95.973989,116.574452,135.229149,149.677451,159.338397,166.475785,171.973775,173.425799,168.203406,154.21261,132.971615,110.855176,90.921882,71.519665,52.43974,35.734237,21.28727,7.403905,-5.998977,-19.140626,-33.355577,-50.116669,-69.757061,-91.159438,-111.496813,-129.604331,-145.386411,-157.132589,-165.302812,-170.747044,-172.345849,-169.329601,-161.992667,-149.69719,-133.244939,-116.01635,-99.017687
35,2025-10-12 12:18:52,executed,-84.893855,-69.785069,-55.106646,-42.206527,-32.209473,-24.173628,-12.320855,7.468554,24.451259,28.830552,34.405447,51.06178,73.663352,95.973989,116.574452,135.229149,149.677451,159.338397,166.475785,171.973775,173.425799,168.203406,154.21261,132.971615,110.855176,90.921882,71.519665,52.43974,35.734237,21.28727,7.403905,-5.998977,-19.140626,-33.355577,-50.116669,-69.757061,-91.159438,-111.496813,-129.604331,-145.386411,-157.132589,-165.302812,-170.747044,-172.345849,-169.329601,-161.992667,-149.69719,-133.244939,-116.01635,-99.017687
35,2025-10-12 12:19:27,proposed,74.993855,44.66914104166666,21.63981925,-0.05282112500000302,-35.08114116666667,-47.775516375,-89.14101125,-131.91540529166667,-162.79776633333333,-178.43753125,-181.14980191666666,-154.37715395833328,-110.78852900000001,-71.08470562499997,-37.20683958333338,-8.927103749999945,18.717260000000003,54.83694666666666,97.51246925000005,133.19847766666672,155.04110816666667,163.245998375,153.70407816666665,125.03044945833335,91.117687,24.254739,14.415438,0.622124666666666,-23.062408000000005,-68.200826,-47.21952579166667,-47.28363775,-45.393947375,-33.586801666666666,-11.560136124999982,13.067695416666666,27.353656208333337,27.9916915,19.69358674999999,7.144849000000017,-6.059085375000027,-21.457855666666667,-35.508288916666665,-40.886204750000005,-37.10046029166666,-21.29847133333333,1.4414063750000157,24.528961166666697,34.29456291666666,31.560793
36,2025-10-12 12:20:07,executed,74.993855,44.66914104166666,21.63981925,-0.05282112500000302,-35.08114116666667,-47.775516375,-89.14101125,-131.91540529166667,-162.79776633333333,-178.43753125,-181.14980191666666,-154.37715395833328,-110.78852900000001,-71.08470562499997,-37.20683958333338,-8.927103749999945,18.717260000000003,54.83694666666666,97.51246925000005,133.19847766666672,155.04110816666667,163.245998375,153.70407816666665,125.03044945833335,91.117687,24.254739,14.415438,0.622124666666666,-23.062408000000005,-68.200826,-47.21952579166667,-47.28363775,-45.393947375,-33.586801666666666,-11.560136124999982,13.067695416666666,27.353656208333337,27.9916915,19.69358674999999,7.144849000000017,-6.059085375000027,-21.457855666666667,-35.508288916666665,-40.886204750000005,-37.10046029166666,-21.29847133333333,1.4414063750000157,24.528961166666697,34.29456291666666,31.560793
36,2025-10-12 12:20:22,proposed,79.993855,49.66914104166666,26.63981925,4.947178874999997,-30.08114116666667,-42.775516375,-84.14101125,-126.91540529166666,-157.79776633333333,-173.43753125,-176.14980191666666,-149.37715395833328,-105.78852900000001,-66.08470562499997,-32.20683958333338,-3.9271037499999455,23.717260000000003,59.128613333333334,101.51246925000005,137.19847766666672,159.04110816666667,167.245998375,157.70407816666665,129.03044945833335,95.117687,29.254739,19.415438,5.467957999999999,-19.912408000000006,-65.050826,-44.06952579166667,-44.28363775,-43.393947375,-31.586801666666666,-9.935136124999982,14.484362083333334,29.353656208333337,29.9916915,21.69358674999999,9.144849000000017,-4.059085375000028,-19.457855666666667,-33.508288916666665,-38.886204750000005,-35.10046029166666,-19.29847133333333,3.4414063750000157,26.528961166666697,36.29456291666666,33.560793
37,2025-10-12 12:21:02,executed,79.993855,49.66914104166666,26.63981925,4.947178874999997,-30.08114116666667,-42.775516375,-84.14101125,-126.91540529166666,-157.79776633333333,-173.43753125,-176.14980191666666,-149.37715395833328,-105.78852900000001,-66.08470562499997,-32.20683958333338,-3.9271037499999455,23.717260000000003,59.128613333333334,101.51246925000005,137.19847766666672,159.04110816666667,167.245998375,157.70407816666665,129.03044945833335,95.117687,29.254739,19.415438,5.467957999999999,-19.912408000000006,-65.050826,-44.06952579166667,-44.28363775,-43.393947375,-31.586801666666666,-9.935136124999982,14.484362083333334,29.353656208333337,29.9916915,21.69358674999999,9.144849000000017,-4.059085375000028,-19.457855666666667,-33.508288916666665,-38.886204750000005,-35.10046029166666,-19.29847133333333,3.4414063750000157,26.528961166666697,36.29456291666666,33.560793
37,2025-10-12 12:21:24,proposed,54.993855,46.01318125,23.975648666666668,10.384048249999998,-10.69035733333333,-20.815907416666665,-37.262566,-60.290848583333315,-77.278583,-85.522744,-85.44911233333333,-77.43750633333333,-60.871615,-41.649656500000006,-23.85306083333334,-11.549011750000007,0.6313496666666536,15.032680749999983,32.03686500000003,51.56667758333333,69.29835766666663,81.02514475000001,84.78017816666666,80.9015231666667,64.79719,50.344939,21.20090891666667,13.150885666666667,8.201815999999999,2.4531110000000016,-15.629227999999992,-32.940908,-19.618370583333338,-20.36829033333333,-19.523840749999998,-9.111283333333349,8.170885916666668,19.835595,26.691299916666665,28.086751666666668,23.514504750000004,14.936714000000007,5.303890750000011,-7.726380000000019,-21.65708725,-20.43658600000001,-9.590100999999992,3.6701115000000053,14.417282999999987,18.655942
38,2025-10-12 12:22:04,executed,54.993855,46.01318125,23.975648666666668,10.384048249999998,-10.69035733333333,-20.815907416666665,-37.262566,-60.290848583333315,-77.278583,-85.522744,-85.44911233333333,-77.43750633333333,-60.871615,-41.649656500000006,-23.85306083333334,-11.549011750000007,0.6313496666666536,15.032680749999983,32.03686500000003,51.56667758333333,69.29835766666663,81.02514475000001,84.78017816666666,80.9015231666667,64.79719,50.344939,21.20090891666667,13.150885666666667,8.201815999999999,2.4531110000000016,-15.629227999999992,-32.940908,-19.618370583333338,-20.36829033333333,-19.523840749999998,-9.111283333333349,8.170885916666668,19.835595,26.691299916666665,28.086751666666668,23.514504750000004,14.936714000000007,5.303890750000011,-7.726380000000019,-21.65708725,-20.43658600000001,-9.590100999999992,3.6701115000000053,14.417282999999987,18.655942
38,2025-10-12 12:22:26,proposed,-79.993855,-64.885069,-50.206646,-37.306527,-27.309473,-19.273628,-7.420855,12.368554,29.351259,33.730552,39.305447,55.96178,78.563352,100.873989,121.474452,140.129149,154.577451,164.238397,171.375785,176.873775,178.325799,173.103406,159.11261,137.871615,115.755176,95.821882,76.419665,57.33974,40.634237,26.18727,8.303905,-5.098977,-18.240626,-32.455577,-49.216669,-68.857061,-90.259438,-110.596813,-128.704331,-144.486411,-156.232589,-164.402812,-169.847044,-171.445849,-168.429601,-161.092667,-148.79719,-132.344939,-115.11635,-99.117687
39,2025-10-12 12:23:06,executed,-79.993855,-64.885069,-50.206646,-37.306527,-27.309473,-19.273628,-7.420855,12.368554,29.351259,33.730552,39.305447,55.96178,78.563352,100.873989,121.474452,140.129149,154.577451,164.238397,171.375785,176.873775,178.325799,173.103406,159.11261,137.871615,115.755176,95.821882,76.419665,57.33974,40.634237,26.18727,8.303905,-5.098977,-18.240626,-32.455577,-49.216669,-68.857061,-90.259438,-110.596813,-128.704331,-144.486411,-156.232589,-164.402812,-169.847044,-171.445849,-168.429601,-161.092667,-148.79719,-132.344939,-115.11635,-99.117687
39,2025-10-12 12:23:39,proposed,-100.0,-80.0,-60.0,-40.0,-20.0,0.0,20.0,40.0,60.0,80.0,-100.0,-80.0,-60.0,-40.0,-20.0,0.0,20.0,40.0,60.0,80.0,-100.0,-80.0,-60.0,-40.0,-20.0,0.0,20.0,40.0,60.0,80.0,-100.0,-80.0,-60.0,-40.0,-20.0,0.0,20.0,40.0,60.0,80.0,-100.0,-80.0,-60.0,-40.0,-20.0,0.0,20.0,40.0,60.0,80.0
40,2025-10-12 12:24:19,executed,-100.0,-80.0,-60.0,-40.0,-20.0,0.0,20.0,40.0,60.0,80.0,-100.0,-80.0,-60.0,-40.0,-20.0,0.0,20.0,40.0,60.0,80.0,-100.0,-80.0,-60.0,-40.0,-20.0,0.0,20.0,40.0,60.0,80.0,-100.0,-80.0,-60.0,-40.0,-20.0,0.0,20.0,40.0,60.0,80.0,-100.0,-80.0,-60.0,-40.0,-20.0,0.0,20.0,40.0,60.0,80.0
40,2025-10-12 12:24:31,proposed,84.993855,69.885069,55.206646,42.306527,32.309473,24.273628,12.420855,-7.368554,-24.351259,-28.730552,-34.305447,-50.96178,-73.563352,-95.873989,-116.474452,-135.129149,-149.577451,-159.238397,-166.375785,-171.873775,-173.325799,-168.103406,-154.11261,-132.871615,-110.755176,-90.821882,-71.419665,-52.33974,-35.634237,-21.18727,-7.303905,6.098977,19.240626,33.455577,50.216669,69.857061,91.259438,111.596813,129.704331,145.486411,157.232589,165.402812,170.847044,172.445849,169.429601,162.092667,149.79719,133.344939,116.11635,100.117687
41,2025-10-12 12:25:11,executed,84.993855,69.885069,55.206646,42.306527,32.309473,24.273628,12.420855,-7.368554,-24.351259,-28.730552,-34.305447,-50.96178,-73.563352,-95.873989,-116.474452,-135.129149,-149.577451,-159.238397,-166.375785,-171.873775,-173.325799,-168.103406,-154.11261,-132.871615,-110.755176,-90.821882,-71.419665,-52.33974,-35.634237,-21.18727,-7.303905,6.098977,19.240626,33.455577,50.216669,69.857061,91.259438,111.596813,129.704331,145.486411,157.232589,165.402812,170.847044,172.445849,169.429601,162.092667,149.79719,133.344939,116.11635,100.117687
41,2025-10-12 12:25:24,proposed,85.993855,70.885069,56.206646,43.306527,33.309473,25.273628,13.420855,-6.368554,-23.351259,-27.730552,-33.305447,-50.96178,-73.563352,-95.873989,-116.474452,-135.129149,-149.577451,-159.238397,-166.375785,-171.873775,-173.325799,-168.103406,-154.11261,-132.871615,-110.755176,-90.821882,-71.419665,-52.33974,-35.634237,-21.18727,-7.303905,6.098977,19.240626,33.455577,50.216669,69.857061,91.259438,111.596813,129.704331,145.486411,157.232589,165.402812,170.847044,172.445849,169.429601,162.092667,149.79719,133.344939,116.11635,100.117687
42,2025-10-12 12:26:04,executed,85.993855,70.885069,56.206646,43.306527,33.309473,25.273628,13.420855,-6.368554,-23.351259,-27.730552,-33.305447,-50.96178,-73.563352,-95.873989,-116.474452,-135.129149,-149.577451,-159.238397,-166.375785,-171.873775,-173.325799,-168.103406,-154.11261,-132.871615,-110.755176,-90.821882,-71.419665,-52.33974,-35.634237,-21.18727,-7.303905,6.098977,19.240626,33.455577,50.216669,69.857061,91.259438,111.596813,129.704331,145.486411,157.232589,165.402812,170.847044,172.445849,169.429601,162.092667,149.79719,133.344939,116.11635,100.117687
42,2025-10-12 12:26:23,proposed,85.993855,70.885069,56.206646,43.306527,33.309473,25.273628,13.420855,-6.368554,-23.351259,-27.730552,-33.305447,-50.96178,-73.563352,-95.873989,-116.474452,-135.129149,-149.577451,-159.238397,-166.375785,-171.873775,-173.325799,-168.103406,-154.11261,-132.871615,-110.755176,-90.821882,-71.419665,-52.33974,-35.634237,-21.18727,-7.303905,6.098977,19.240626,33.455577,50.216669,69.857061,91.259438,111.596813,129.704331,145.486411,157.232589,165.402812,170.847044,172.445849,169.429601,162.092667,149.79719,133.344939,116.11635,100.117687
43,2025-10-12 12:27:03,executed,85.993855,70.885069,56.206646,43.306527,33.309473,25.273628,13.420855,-6.368554,-23.351259,-27.730552,-33.305447,-50.96178,-73.563352,-95.873989,-116.474452,-135.129149,-149.577451,-159.238397,-166.375785,-171.873775,-173.325799,-168.103406,-154.11261,-132.871615,-110.755176,-90.821882,-71.419665,-52.33974,-35.634237,-21.18727,-7.303905,6.098977,19.240626,33.455577,50.216669,69.857061,91.259438,111.596813,129.704331,145.486411,157.232589,165.402812,170.847044,172.445849,169.429601,162.092667,149.79719,133.344939,116.11635,100.117687
44,2025-10-12 12:27:22,executed,85.993855,70.885069,56.206646,43.306527,33.309473,25.273628,13.420855,-6.368554,-23.351259,-27.730552,-33.305447,-50.96178,-73.563352,-95.873989,-116.474452,-135.129149,-149.577451,-159.238397,-166.375785,-171.873775,-173.325799,-168.103406,-154.11261,-132.871615,-110.755176,-90.821882,-71.419665,-52.33974,-35.634237,-21.18727,-7.303905,6.098977,19.240626,33.455577,50.216669,69.857061,91.259438,111.596813,129.704331,145.486411,157.232589,165.402812,170.847044,172.445849,169.429601,162.092667,149.79719,133.344939,116.11635,100.117687
44,2025-10-12 12:27:35,proposed,-75.0,-60.0,-45.0,-30.0,-15.0,0.0,15.0,30.0,45.0,60.0,75.0,90.0,105.0,120.0,135.0,150.0,165.0,180.0,195.0,210.0,225.0,240.0,255.0,270.0,285.0,-60.0,-45.0,-30.0,-15.0,0.0,15.0,30.0,45.0,60.0,75.0,90.0,105.0,120.0,135.0,150.0,165.0,180.0,195.0,210.0,225.0,240.0,255.0,270.0,285.0,300.0
45,2025-10-12 12:28:15,executed,-75.0,-60.0,-45.0,-30.0,-15.0,0.0,15.0,30.0,45.0,60.0,75.0,90.0,105.0,120.0,135.0,150.0,165.0,180.0,195.0,210.0,225.0,240.0,255.0,270.0,285.0,-60.0,-45.0,-30.0,-15.0,0.0,15.0,30.0,45.0,60.0,75.0,90.0,105.0,120.0,135.0,150.0,165.0,180.0,195.0,210.0,225.0,240.0,255.0,270.0,285.0,300.0
45,2025-10-12 12:28:42,proposed,86.993855,71.885069,57.206646,44.306527,34.309473,26.273628,14.420855,-5.368554,-22.351259,-26.730552,-32.305447,-48.96178,-71.563352,-93.873989,-114.474452,-133.129149,-147.577451,-157.238397,-164.375785,-169.873775,-171.325799,-166.103406,-152.11261,-130.871615,-108.755176,-88.821882,-69.419665,-50.33974,-33.634237,-19.18727,-5.303905,8.098977,21.240626,35.455577,52.216669,71.857061,93.259438,113.596813,131.704331,147.486411,159.232589,167.402812,172.847044,174.445849,171.429601,164.092667,151.79719,135.344939,118.11635,102.117687
46,2025-10-12 12:29:22,executed,86.993855,71.885069,57.206646,44.306527,34.309473,26.273628,14.420855,-5.368554,-22.351259,-26.730552,-32.305447,-48.96178,-71.563352,-93.873989,-114.474452,-133.129149,-147.577451,-157.238397,-164.375785,-169.873775,-171.325799,-166.103406,-152.11261,-130.871615,-108.755176,-88.821882,-69.419665,-50.33974,-33.634237,-19.18727,-5.303905,8.098977,21.240626,35.455577,52.216669,71.857061,93.259438,113.596813,131.704331,147.486411,159.232589,167.402812,172.847044,174.445849,171.429601,164.092667,151.79719,135.344939,118.11635,102.117687
46,2025-10-12 12:29:41,proposed,84.893855,69.785069,55.106646,42.206527,32.209473,24.173628,12.320855,-7.468554,-24.451259,-28.830552,-34.405447,-51.06178,-73.663352,-95.973989,-116.574452,-135.229149,-149.677451,-159.338397,-166.475785,-171.973775,-173.425799,-168.203406,-154.21261,-132.971615,-110.855176,-90.921882,-71.519665,-52.43974,-35.734237,-21.28727,-7.403905,5.998977,19.140626,33.355577,50.116669,69.757061,91.159438,111.496813,129.604331,145.386411,157.132589,165.302812,170.747044,172.345849,169.329601,161.992667,149.69719,133.244939,116.01635,100.017687
47,2025-10-12 12:30:21,executed,84.893855,69.785069,55.106646,42.206527,32.209473,24.173628,12.320855,-7.468554,-24.451259,-28.830552,-34.405447,-51.06178,-73.663352,-95.973989,-116.574452,-135.229149,-149.677451,-159.338397,-166.475785,-171.973775,-173.425799,-168.203406,-154.21261,-132.971615,-110.855176,-90.921882,-71.519665,-52.43974,-35.734237,-21.28727,-7.403905,5.998977,19.140626,33.355577,50.116669,69.757061,91.159438,111.496813,129.604331,145.386411,157.132589,165.302812,170.747044,172.345849,169.329601,161.992667,149.69719,133.244939,116.01635,100.017687
47,2025-10-12 12:30:41,proposed,83.993855,68.885069,54.206646,41.306527,31.309473,23.273628,11.420855,-8.368554,-25.351259,-29.730552,-35.305447,-51.96178,-74.563352,-96.873989,-117.474452,-136.129149,-150.577451,-160.238397,-167.375785,-172.873775,-174.325799,-169.103406,-155.11261,-133.871615,-111.755176,-91.821882,-72.419665,-53.33974,-36.634237,-22.18727,-8.303905,5.098977,18.240626,32.455577,49.216669,68.857061,90.259438,110.596813,128.704331,144.486411,156.232589,164.402812,169.847044,171.445849,168.429601,161.092667,148.79719,132.344939,115.11635,99.117687
48,2025-10-12 12:31:21,executed,83.993855,68.885069,54.206646,41.306527,31.309473,23.273628,11.420855,-8.368554,-25.351259,-29.730552,-35.305447,-51.96178,-74.563352,-96.873989,-117.474452,-136.129149,-150.577451,-160.238397,-167.375785,-172.873775,-174.325799,-169.103406,-155.11261,-133.871615,-111.755176,-91.821882,-72.419665,-53.33974,-36.634237,-22.18727,-8.303905,5.098977,18.240626,32.455577,49.216669,68.857061,90.259438,110.596813,128.704331,144.486411,156.232589,164.402812,169.847044,171.445849,168.429601,161.092667,148.79719,132.344939,115.11635,99.117687
48,2025-10-12 12:31:44,proposed,-16.942,-1.835,1.799,1.678,1.309,0.704,-0.075,-1.095,-2.351,-3.839,-5.557,-7.499,-9.657,-12.021,-14.58,-17.323,-20.238,-23.314,-26.539,-29.902,-33.391,-36.994,-40.701,-44.499,-48.376,-52.321,-56.322,-60.368,-64.447,-68.547,-72.657,-76.766,-80.862,-84.934,-88.97,-92.958,-96.887,-100.745,-104.521,-108.204,-111.783,-115.245,-118.58,-121.776,-124.822,-127.707,-130.421,-132.953,-135.293,-137.43
49,2025-10-12 12:32:24,executed,-16.942,-1.835,1.799,1.678,1.309,0.704,-0.075,-1.095,-2.351,-3.839,-5.557,-7.499,-9.657,-12.021,-14.58,-17.323,-20.238,-23.314,-26.539,-29.902,-33.391,-36.994,-40.701,-44.499,-48.376,-52.321,-56.322,-60.368,-64.447,-68.547,-72.657,-76.766,-80.862,-84.934,-88.97,-92.958,-96.887,-100.745,-104.521,-108.204,-111.783,-115.245,-118.58,-121.776,-124.822,-127.707,-130.421,-132.953,-135.293,-137.43
49,2025-10-12 12:32:42,proposed,-100.0,-80.0,-60.0,-40.0,-20.0,0.0,20.0,40.0,60.0,80.0,100.0,-120.0,-140.0,-160.0,-180.0,-200.0,-220.0,-240.0,-260.0,-280.0,-300.0,-280.0,-260.0,-240.0,-220.0,-200.0,-180.0,-160.0,-140.0,-120.0,-100.0,-80.0,-60.0,-40.0,-20.0,0.0,20.0,40.0,60.0,80.0,100.0,120.0,140.0,160.0,180.0,200.0,220.0,240.0,260.0,280.0
50,2025-10-12 12:33:22,executed,-100.0,-80.0,-60.0,-40.0,-20.0,0.0,20.0,40.0,60.0,80.0,100.0,-120.0,-140.0,-160.0,-180.0,-200.0,-220.0,-240.0,-260.0,-280.0,-300.0,-280.0,-260.0,-240.0,-220.0,-200.0,-180.0,-160.0,-140.0,-120.0,-100.0,-80.0,-60.0,-40.0,-20.0,0.0,20.0,40.0,60.0,80.0,100.0,120.0,140.0,160.0,180.0,200.0,220.0,240.0,260.0,280.0
50,2025-10-12 12:33:49,proposed,85.093855,70.085069,55.406646,42.506527,32.509473,24.473628,12.620855,-7.168554,-24.151259,-28.530552,-34.105447,-50.76178,-73.363352,-95.673989,-116.274452,-134.929149,-149.377451,-159.038397,-166.175785,-171.673775,-173.125799,-167.903406,-153.91261,-132.671615,-110.555176,-90.621882,-71.219665,-52.13974,-35.434237,-20.98727,-7.103905,6.298977,19.440626,33.655577,50.416669,70.057061,91.459438,111.896813,130.004331,145.686411,157.432589,165.602812,171.047044,172.645849,169.629601,162.292667,150.09719,133.544939,116.31635,100.317687
